Waterbody Name,County,DEC Region,Year,Bloom Type,Date of First Listing,Date of Last Listing,Number of Weeks on DEC Notification List,Number of Weeks with Updates,Latitude,Longitude,Location 1,Column1,Column2
Kirk Lake,Putnam,3,2018,C,3/8/2018,10/27/2018,33,3,41.385601,-73.7498016,"(41.385601, -73.7498016)",,
Lawson Lake,Albany,4,2015,HT,3/7/2015,10/27/2015,33,6,42.5391006,-73.9598999,"(42.5391006, -73.9598999)",,
Nassau Lake,Rensselaer,5,2018,C,3/8/2018,10/20/2018,32,3,42.5381012,-73.6037979,"(42.5381012, -73.6037979)",,
Rockland Lake,Rockland,3,2018,S,3/8/2018,10/20/2018,32,1,41.1385994,-73.9227982,"(41.1385994, -73.9227982)",,
Sheldrake Lake,Westchester,3,2018,HT,3/8/2018,10/20/2018,32,3,40.9524002,-73.774498,"(40.9524002, -73.774498)",,
Chautauqua Lake,Chautauqua,9,2015,HT,3/7/2015,10/20/2015,32,8,42.156238,-79.393483,"(42.156238, -79.393483)",,
Oneida Lake,Onondaga,7,2015,S,3/7/2015,10/20/2015,32,5,43.2033005,-75.9100037,"(43.2033005, -75.9100037)",,
Oneida Lake,Oswego,7,2015,S,3/7/2015,10/20/2015,32,5,43.2033005,-75.9100037,"(43.2033005, -75.9100037)",,
Kirk Lake,Putnam,3,2015,C,3/7/2015,10/20/2015,32,7,41.385601,-73.7498016,"(41.385601, -73.7498016)",,
Kirk Lake,Putnam,3,2014,HT,3/10/2014,10/20/2014,32,2,41.385601,-73.7498016,"(41.385601, -73.7498016)",,
Lake Lincolndale,Westchester,3,2015,C,3/7/2015,10/13/2015,31,3,41.3419991,-73.7254028,"(41.3419991, -73.7254028)",,
Bedford Lake,Westchester,3,2014,C,3/8/2014,10/13/2014,31,2,41.1948013,-73.7036972,"(41.1948013, -73.7036972)",,
Coxsackie Reservoir,Greene,4,2017,C,4/8/2017,10/27/2017,29,1,42.4076004,-73.8778,"(42.4076004, -73.8778)",,
Evens Lake,Sullivan,3,2017,HT,4/8/2017,10/27/2017,29,2,41.765001,-74.652425,"(41.765001, -74.652425)",,
Cedar Lake,Herkimer,6,2015,C,4/9/2015,10/27/2015,29,1,42.953701,-75.185997,"(42.953701, -75.185997)",,
Sucker Brook,Ontario,8,2015,C,4/9/2015,10/27/2015,29,1,42.875013,-77.276525,"(42.875013, -77.276525)",,
Cayuga-Seneca Canal,Seneca,8,2015,C,4/9/2015,10/27/2015,29,1,42.909555,-76.799193,"(42.909555, -76.799193)",,
Lake Tonetta,Putnam,3,2014,S,4/8/2014,10/27/2014,29,1,41.4216995,-73.6109009,"(41.4216995, -73.6109009)",,
Division Pond,Suffolk,1,2014,S,4/8/2014,10/27/2014,29,2,40.8852005,-72.5659027,"(40.8852005, -72.5659027)",,
Keuka Lake,Steuben,8,2017,HT,4/8/2017,10/20/2017,28,5,42.4934006,-77.1395035,"(42.4934006, -77.1395035)",,
Panther Lake,Oswego,7,2017,C,4/8/2017,10/20/2017,28,2,43.3292007,-75.908699,"(43.3292007, -75.908699)",,
Oakland Lake,Queens,2,2017,C,4/8/2017,10/20/2017,28,10,40.7585983,-73.7595978,"(40.7585983, -73.7595978)",,
Brown's Pond,Orange,3,2015,S,4/9/2015,10/20/2015,28,1,41.4740982,-74.0867996,"(41.4740982, -74.0867996)",,
Wyomoco Pond,Wyoming,8,2018,S,3/8/2018,9/14/2018,27,2,42.7661018,-78.2934036,"(42.7661018, -78.2934036)",,
Millsite Lake,Jefferson,6,2017,S,4/8/2017,10/13/2017,27,1,44.2921982,-75.7675018,"(44.2921982, -75.7675018)",,
Black Lake,St Lawrence,6,2017,C,4/8/2017,10/13/2017,27,2,44.5379982,-75.5688019,"(44.5379982, -75.5688019)",,
Maratooka Lake,Suffolk,1,2014,HT,4/6/2014,10/2/2014,26,9,40.991885,-72.523684,"(40.991885, -72.523684)",,
Keuka Lake,Yates,8,2017,HT,4/8/2017,10/2/2017,25,5,42.4934006,-77.1395035,"(42.4934006, -77.1395035)",,
Lake Lincolndale,Westchester,3,2016,HT,5/8/2016,10/27/2016,25,4,41.3419991,-73.7254028,"(41.3419991, -73.7254028)",,
North Sandy Pond,Oswego,7,2016,HT,5/8/2016,10/27/2016,25,4,43.64303,-76.1851399,"(43.64303, -76.1851399)",,
Buck Pond,Monroe,8,2016,C,5/8/2016,10/27/2016,25,1,43.28151,-77.66383,"(43.28151, -77.66383)",,
Lake Capri,Suffolk,1,2014,C,4/9/2014,9/29/2014,25,1,40.696701,-73.3007965,"(40.696701, -73.3007965)",,
Copake Lake,Columbia,5,2014,C,4/9/2014,9/29/2014,25,3,42.144001,-73.5954971,"(42.144001, -73.5954971)",,
Prospect Park Lake,Kings,2,2015,HT,5/8/2015,10/20/2015,24,24,40.6548996,-73.969902,"(40.6548996, -73.969902)",,
Olana Pond,Columbia,5,2014,S,5/8/2014,10/20/2014,24,1,42.2117996,-73.831398,"(42.2117996, -73.831398)",,
Prospect Park Lake,Kings,2,2017,HT,5/19/2017,10/27/2017,23,23,40.6548996,-73.969902,"(40.6548996, -73.969902)",,
Roth Pond,Suffolk,1,2016,HT,5/8/2016,10/13/2016,23,9,40.911804,-73.123789,"(40.911804, -73.123789)",,
Cranberry Pond,Monroe,8,2016,HT,5/8/2016,10/13/2016,23,2,43.300499,-77.6973038,"(43.300499, -77.6973038)",,
Sixtown Pond/Crystal Lake,Jefferson,6,2016,C,5/8/2016,10/13/2016,23,2,43.8291467,-76.1264733,"(43.82914667, -76.12647333)",,
Agawam Lake,Suffolk,1,2015,HT,5/22/2015,10/30/2015,23,16,40.8744011,-72.3921967,"(40.8744011, -72.3921967)",,
Big Reed Pond,Suffolk,1,2014,C,5/21/2014,10/27/2014,23,5,41.0780983,-71.9101028,"(41.0780983, -71.9101028)",,
Agawam Lake,Suffolk,1,2018,HT,5/25/2018,10/26/2018,22,22,40.8744011,-72.3921967,"(40.8744011, -72.3921967)",,
Prospect Park Lake,Kings,2,2018,HT,5/18/2018,10/19/2018,22,21,40.6548996,-73.969902,"(40.6548996, -73.969902)",,
Plymouth Reservoir,Chenango,7,2018,HT,5/25/2018,10/27/2018,22,2,42.5881004,-75.651001,"(42.5881004, -75.651001)",,
Roth Pond,Suffolk,1,2017,HT,5/26/2017,10/27/2017,22,18,40.911804,-73.123789,"(40.911804, -73.123789)",,
Agawam Lake,Suffolk,1,2017,HT,5/26/2017,10/27/2017,22,22,40.8744011,-72.3921967,"(40.8744011, -72.3921967)",,
Mill Pond (Watermill),Suffolk,1,2015,HT,5/22/2015,10/20/2015,22,12,40.9145012,-72.3582993,"(40.9145012, -72.3582993)",,
Mill Pond (Watermill),Suffolk,1,2014,HT,5/14/2014,10/18/2014,22,18,40.9145012,-72.3582993,"(40.9145012, -72.3582993)",,
Deans Pond,Cortland,7,2014,HT,5/20/2014,10/18/2014,22,9,42.4477005,-76.0034027,"(42.4477005, -76.0034027)",,
Craine Lake,Madison,7,2013,HT,5/1/2013,9/29/2013,22,9,42.76085,-75.55753,"(42.76085, -75.55753)",,
Craine Lake,Madison,7,2018,HT,6/1/2018,10/27/2018,21,6,42.76085,-75.55753,"(42.76085, -75.55753)",,
Mill Pond (Watermill),Suffolk,1,2018,C,6/1/2018,10/27/2018,21,21,40.9145012,-72.3582993,"(40.9145012, -72.3582993)",,
Lake Neatahwanta,Oswego,7,2017,HT,5/26/2017,10/21/2017,21,18,43.3081017,-76.4372025,"(43.3081017, -76.4372025)",,
Fieldston's Indian Lake (aka: Indian Pond in Crotona Park),Bronx,2,2017,C,5/26/2017,10/20/2017,21,11,40.8382988,-73.8940964,"(40.8382988, -73.8940964)",,
The Lake in Central Park,New York,2,2017,HT,6/2/2017,10/27/2017,21,21,40.775738,-73.971765,"(40.775738, -73.971765)",,
Kissena Lake,Queens,2,2017,HT,5/26/2017,10/20/2017,21,7,40.7481003,-73.8054962,"(40.7481003, -73.8054962)",,
Agawam Lake,Suffolk,1,2016,HT,6/10/2016,11/4/2016,21,21,40.8744011,-72.3921967,"(40.8744011, -72.3921967)",,
Orange Lake,Orange,3,2016,C,6/2/2016,10/27/2016,21,4,41.5488014,-74.1036987,"(41.5488014, -74.1036987)",,
North Sandy Pond,Jefferson,6,2016,HT,5/8/2016,10/2/2016,21,4,43.64303,-76.1851399,"(43.64303, -76.1851399)",,
Lake Ronkonkoma,Suffolk,1,2015,C,5/22/2015,10/13/2015,21,11,40.821991,-73.11927,"(40.821991, -73.11927)",,
Lake Waccabuc,Westchester,3,2014,C,5/8/2014,9/29/2014,21,1,41.297699,-73.5840988,"(41.297699, -73.5840988)",,
Agawam Lake,Suffolk,1,2014,HT,5/28/2014,10/24/2014,21,20,40.8744011,-72.3921967,"(40.8744011, -72.3921967)",,
Sleepy Hollow Lake,Greene,4,2014,C,5/8/2014,10/2/2014,21,1,42.2943993,-73.8069,"(42.2943993, -73.8069)",,
Eagle Pond,Franklin,5,2018,C,6/1/2018,10/20/2018,20,4,44.6689987,-74.2738037,"(44.6689987, -74.2738037)",,
Honeoye Lake,Ontario,8,2018,C,6/8/2018,10/27/2018,20,15,42.7542,-77.5115967,"(42.7542, -77.5115967)",,
Chautauqua Lake,Chautauqua,9,2018,HT,5/25/2018,10/13/2018,20,17,42.156238,-79.393483,"(42.156238, -79.393483)",,
Millsite Lake,Jefferson,6,2018,S,6/7/2018,10/27/2018,20,1,44.2921982,-75.7675018,"(44.2921982, -75.7675018)",,
The Lake in Central Park,New York,2,2018,HT,6/8/2018,10/27/2018,20,19,40.775738,-73.971765,"(40.775738, -73.971765)",,
Orange Lake,Orange,3,2017,C,5/26/2017,10/13/2017,20,5,41.5488014,-74.1036987,"(41.5488014, -74.1036987)",,
Song Lake,Cortland,7,2017,C,6/2/2017,10/20/2017,20,2,42.7723007,-76.146864,"(42.7723007, -76.146864)",,
Mill Pond (Watermill),Suffolk,1,2016,HT,6/10/2016,10/28/2016,20,20,40.9145012,-72.3582993,"(40.9145012, -72.3582993)",,
Dean Pond,Cortland,7,2016,HT,6/10/2016,10/27/2016,20,12,42.4477005,-76.0034027,"(42.4477005, -76.0034027)",,
The Lake in Central Park,New York,2,2016,HT,6/10/2016,10/28/2016,20,20,40.775738,-73.971765,"(40.775738, -73.971765)",,
Dean Pond,Cortland,7,2015,HT,5/29/2015,10/13/2015,20,9,42.4477005,-76.0034027,"(42.4477005, -76.0034027)",,
Evens Lake,Sullivan,3,2015,HT,6/12/2015,10/27/2015,20,9,41.765001,-74.652425,"(41.765001, -74.652425)",,
Maratooka Lake,Suffolk,1,2015,HT,6/12/2015,10/27/2015,20,14,40.991885,-72.523684,"(40.991885, -72.523684)",,
Conesus Creek,Livingston,8,2014,S,5/9/2014,9/29/2014,20,1,42.834736,-77.704561,"(42.834736, -77.704561)",,
Blue Heron Lake,Westchester,3,2014,HT,6/1/2014,10/20/2014,20,2,41.1916008,-73.5922012,"(41.1916008, -73.5922012)",,
Prospect Park Lake,Kings,2,2014,C,6/11/2014,10/27/2014,20,5,40.6548996,-73.969902,"(40.6548996, -73.969902)",,
Lake Neatahwanta,Oswego,7,2013,C,5/29/2013,10/13/2013,20,5,43.3081017,-76.4372025,"(43.3081017, -76.4372025)",,
Song Lake,Cortland,7,2013,HT,6/6/2013,10/27/2013,20,3,42.7723007,-76.146864,"(42.7723007, -76.146864)",,
Morningside Pond,New York,2,2018,HT,6/8/2018,10/19/2018,19,10,40.803761,-73.958943,"(40.803761, -73.958943)",,
Maratooka Lake,Suffolk,1,2018,HT,6/15/2018,10/27/2018,19,8,40.991885,-72.523684,"(40.991885, -72.523684)",,
Roaring Brook Lake,Putnam,3,2018,HT,5/25/2018,10/2/2018,19,12,41.4388008,-73.8075027,"(41.4388008, -73.8075027)",,
Lake Mahopac,Putnam,3,2018,S,6/8/2018,10/20/2018,19,2,41.35558,-73.7784,"(41.35558, -73.7784)",,
Lamoka Lake,Schuyler,8,2017,S,6/10/2017,10/20/2017,19,1,42.4057999,-77.0777969,"(42.4057999, -77.0777969)",,
Roaring Brook Lake,Putnam,3,2017,HT,6/9/2017,10/20/2017,19,8,41.4388008,-73.8075027,"(41.4388008, -73.8075027)",,
Muchattoes Lake,Orange,3,2017,C,6/10/2017,10/20/2017,19,1,41.4968987,-74.0309982,"(41.4968987, -74.0309982)",,
Lake Lacoma,Monroe,8,2017,C,6/9/2017,10/20/2017,19,6,43.0508995,-77.4794006,"(43.0508995, -77.4794006)",,
Cazenovia Lake,Madison,7,2016,C,6/17/2016,10/27/2016,19,1,42.9482002,-75.8720016,"(42.9482002, -75.8720016)",,
Bowne Pond,Queens,2,2016,C,6/17/2016,10/27/2016,19,11,40.770707,-73.808255,"(40.770707, -73.808255)",,
Prospect Park Lake,Kings,2,2016,HT,6/17/2016,10/27/2016,19,19,40.6548996,-73.969902,"(40.6548996, -73.969902)",,
Montgomery Lake,Sullivan,3,2016,C,6/10/2016,10/20/2016,19,7,41.5252991,-74.9172974,"(41.5252991, -74.9172974)",,
Avon Marsh Dam Pond,Livingston,8,2015,HT,7/8/2015,11/15/2015,19,8,42.9011002,-77.668602,"(42.9011002, -77.668602)",,
Lake Lincolndale,Westchester,3,2014,HT,6/14/2014,10/27/2014,19,3,41.3419991,-73.7254028,"(41.3419991, -73.7254028)",,
Quaker Lake,Cattaraugus,9,2014,S,6/16/2014,10/27/2014,19,2,42.0433006,-78.8677979,"(42.0433006, -78.8677979)",,
Lake Waccabuc,Westchester,3,2013,C,6/16/2013,10/27/2013,19,2,41.297699,-73.5840988,"(41.297699, -73.5840988)",,
Bowne Pond,Queens,2,2012,S,6/17/2012,10/27/2012,19,1,40.770707,-73.808255,"(40.770707, -73.808255)",,
Beaver Lake,Broome,7,2012,C,6/18/2012,10/27/2012,19,5,42.0455017,-75.6657028,"(42.0455017, -75.6657028)",,
Loon Lake,Warren,5,2012,C,6/16/2012,10/27/2012,19,1,43.6670691,-73.8478694,"(43.6670691, -73.8478694)",,
Sylvan Lake,Dutchess,3,2018,S,6/15/2018,10/20/2018,18,1,41.58839,-73.69782,"(41.58839, -73.69782)",,
Lake Lacoma,Monroe,7,2018,C,6/15/2018,10/20/2018,18,1,43.0508995,-77.4794006,"(43.0508995, -77.4794006)",,
Roth Pond,Suffolk,1,2018,HT,5/25/2018,9/29/2018,18,16,40.911804,-73.123789,"(40.911804, -73.123789)",,
Beaver Dam Lake,Orange,3,2018,HT,6/8/2018,10/12/2018,18,10,41.4420013,-74.1158981,"(41.4420013, -74.1158981)",,
Cazenovia Lake,Madison,7,2018,C,6/7/2018,10/13/2018,18,5,42.9482002,-75.8720016,"(42.9482002, -75.8720016)",,
Burden Third Lake,Rensselaer,5,2017,C,6/16/2017,10/20/2017,18,1,42.5946999,-73.5614014,"(42.5946999, -73.5614014)",,
Glen Lake,Warren,5,2017,C,6/16/2017,10/20/2017,18,1,43.3636017,-73.6732025,"(43.3636017, -73.6732025)",,
Chautauqua Lake,Chautauqua,9,2017,HT,6/25/2017,10/27/2017,18,15,42.156238,-79.393483,"(42.156238, -79.393483)",,
Mill Pond (Watermill),Suffolk,1,2017,C,5/26/2017,10/2/2017,18,18,40.9145012,-72.3582993,"(40.9145012, -72.3582993)",,
Tuscarora Lake,Madison,7,2017,C,6/10/2017,10/13/2017,18,1,42.8665009,-75.7585983,"(42.8665009, -75.7585983)",,
Cayuta Lake,Schuyler,8,2017,HT,6/25/2017,10/27/2017,18,7,42.3670006,-76.7352982,"(42.3670006, -76.7352982)",,
Goose Pond,Queens,2,2017,HT,5/26/2017,10/2/2017,18,1,40.7118988,-73.7986984,"(40.7118988, -73.7986984)",,
Old Town Pond,Suffolk,1,2017,C,6/25/2017,10/27/2017,18,16,40.878721,-72.372558,"(40.878721, -72.372558)",,
Maratooka Lake,Suffolk,1,2016,HT,6/10/2016,10/13/2016,18,11,40.991885,-72.523684,"(40.991885, -72.523684)",,
Moon Lake,Jefferson,6,2016,S,6/24/2016,10/27/2016,18,6,44.2542992,-75.732399,"(44.2542992, -75.732399)",,
Lake Mohegan,Westchester,3,2015,C,6/26/2015,10/27/2015,18,2,41.3139992,-73.8488007,"(41.3139992, -73.8488007)",,
Orange Lake,Orange,3,2015,C,5/29/2015,10/2/2015,18,10,41.5488014,-74.1036987,"(41.5488014, -74.1036987)",,
Big Reed Pond,Suffolk,1,2015,C,5/29/2015,9/29/2015,18,2,41.0780983,-71.9101028,"(41.0780983, -71.9101028)",,
Golden Pond,Queens,2,2015,S,6/8/2015,10/13/2015,18,1,40.7710991,-73.7649002,"(40.7710991, -73.7649002)",,
Lake Neatahwanta,Oswego,7,2014,HT,6/25/2014,10/27/2014,18,14,43.3081017,-76.4372025,"(43.3081017, -76.4372025)",,
Arctic Lake,Broome,7,2014,S,3/10/2014,7/17/2014,18,4,42.1792984,-75.4252014,"(42.1792984, -75.4252014)",,
Echo Lake,Chenango,7,2013,C,5/29/2013,9/29/2013,18,3,42.3862991,-75.8507004,"(42.3862991, -75.8507004)",,
Song Lake,Cortland,7,2018,C,6/22/2018,10/20/2018,17,2,42.7723007,-76.146864,"(42.7723007, -76.146864)",,
Kissena Lake,Queens,2,2018,C,6/22/2018,10/20/2018,17,9,40.7481003,-73.8054962,"(40.7481003, -73.8054962)",,
Oneida Lake,Onondaga,7,2018,S,6/29/2018,10/27/2018,17,5,43.2033005,-75.9100037,"(43.2033005, -75.9100037)",,
Turtle Pond,New York,2,2018,HT,6/22/2018,10/20/2018,17,17,40.7793007,-73.9673996,"(40.7793007, -73.9673996)",,
Lake Mohegan,Westchester,3,2018,C,6/22/2018,10/19/2018,17,7,41.3139992,-73.8488007,"(41.3139992, -73.8488007)",,
Lake Neatahwanta,Oswego,7,2018,HT,6/22/2018,10/19/2018,17,16,43.3081017,-76.4372025,"(43.3081017, -76.4372025)",,
Indian Lake,Putnam,3,2018,C,6/29/2018,10/27/2018,17,1,41.3731003,-73.8877029,"(41.3731003, -73.8877029)",,
Beaver Dam Lake,Orange,3,2017,C,6/30/2017,10/27/2017,17,6,41.4420013,-74.1158981,"(41.4420013, -74.1158981)",,
Oneida Lake,Oneida,6,2017,HT,6/30/2017,10/27/2017,17,7,43.2033005,-75.9100037,"(43.2033005, -75.9100037)",,
Oneida Lake,Oswego,7,2017,HT,6/30/2017,10/27/2017,17,7,43.2033005,-75.9100037,"(43.2033005, -75.9100037)",,
Hiawatha Lake,Onondaga,7,2017,HT,6/30/2017,10/27/2017,17,5,43.0257988,-76.1687012,"(43.0257988, -76.1687012)",,
Lake Neatahwanta,Oswego,7,2016,HT,6/2/2016,9/29/2016,17,12,43.3081017,-76.4372025,"(43.3081017, -76.4372025)",,
Craine Lake,Madison,7,2016,HT,6/24/2016,10/20/2016,17,5,42.76085,-75.55753,"(42.76085, -75.55753)",,
Conesus Lake,Livingston,8,2016,C,6/24/2016,10/20/2016,17,4,42.7522011,-77.7186966,"(42.7522011, -77.7186966)",,
Avon Marsh Dam Pond,Livingston,8,2016,HT,6/17/2016,10/14/2016,17,8,42.9011002,-77.668602,"(42.9011002, -77.668602)",,
Clove Lake,Richmond,2,2015,S,6/8/2015,10/2/2015,17,1,40.6167984,-74.1075974,"(40.6167984, -74.1075974)",,
Boyd Lake,Jefferson,6,2014,HT,6/19/2014,10/16/2014,17,7,44.3093987,-75.7397003,"(44.3093987, -75.7397003)",,
Smith Pond,Steuben,8,2014,C,6/29/2014,10/27/2014,17,3,42.3888016,-77.4744034,"(42.3888016, -77.4744034)",,
Kissena Lake,Queens,2,2014,HT,5/30/2014,9/29/2014,17,6,40.7481003,-73.8054962,"(40.7481003, -73.8054962)",,
East Branch Hackensack River,Rockland,3,2014,S,6/25/2014,10/20/2014,17,1,41.121117,-73.960648,"(41.121117, -73.960648)",,
Tuscarora Lake,Madison,7,2013,C,6/27/2013,10/27/2013,17,3,42.8665009,-75.7585983,"(42.8665009, -75.7585983)",,
Lake Neatahwanta,Oswego,7,2012,S,6/28/2012,10/27/2012,17,5,43.3081017,-76.4372025,"(43.3081017, -76.4372025)",,
Laurel Lake,Suffolk,1,2018,C,6/29/2018,10/20/2018,16,1,40.9789009,-72.5575027,"(40.9789009, -72.5575027)",,
Croton Falls Reservoir,Putnam,3,2018,S,3/8/2018,6/30/2018,16,1,41.3781013,-73.6547012,"(41.3781013, -73.6547012)",,
Indian Lake,Bronx,2,2018,C,6/22/2018,10/13/2018,16,7,41.3731003,-73.8877029,"(41.3731003, -73.8877029)",,
Paine Lake,Westchester,3,2018,HT,3/8/2018,6/30/2018,16,3,41.548,-73.69487,"(41.548, -73.69487)",,
Harlem Meer,New York,2,2018,HT,6/8/2018,9/28/2018,16,16,40.7961006,-73.9512024,"(40.7961006, -73.9512024)",,
Smith Pond,Steuben,8,2018,C,6/29/2018,10/20/2018,16,6,42.3888016,-77.4744034,"(42.3888016, -77.4744034)",,
Lawson Lake,Albany,4,2018,C,6/7/2018,9/29/2018,16,2,42.5391006,-73.9598999,"(42.5391006, -73.9598999)",,
Barger Pond,Putnam,3,2018,C,6/7/2018,9/29/2018,16,3,41.3595009,-73.8126984,"(41.3595009, -73.8126984)",,
Jamesville Reservoir,Onondaga,7,2018,C,6/29/2018,10/20/2018,16,3,42.973999,-76.0690994,"(42.973999, -76.0690994)",,
Oneida Lake,Madison,7,2018,S,6/29/2018,10/20/2018,16,5,43.2033005,-75.9100037,"(43.2033005, -75.9100037)",,
Delta Lake,Oneida,6,2018,S,7/9/2018,10/27/2018,16,1,43.29321,-75.47231,"(43.29321, -75.47231)",,
Town of Babylon Pond,Suffolk,1,2018,C,7/9/2018,10/27/2018,16,1,40.70963,-73.32589,"(40.70963, -73.32589)",,
Lake Carmel,Putnam,3,2018,C,6/29/2018,10/20/2018,16,3,41.4584999,-73.6650009,"(41.4584999, -73.6650009)",,
Washington Park Pond,Albany,4,2018,HT,6/29/2018,10/19/2018,16,7,42.6571007,-73.7733002,"(42.6571007, -73.7733002)",,
Turtle Pond,New York,2,2017,HT,7/7/2017,10/27/2017,16,16,40.7793007,-73.9673996,"(40.7793007, -73.9673996)",,
Indian Lake,Putnam,3,2017,C,7/7/2017,10/27/2017,16,1,41.3731003,-73.8877029,"(41.3731003, -73.8877029)",,
Bowne Pond,Queens,2,2017,C,6/9/2017,9/29/2017,16,4,40.770707,-73.808255,"(40.770707, -73.808255)",,
Sodus Bay,Wayne,8,2017,C,6/30/2017,10/20/2017,16,1,43.2482986,-76.9585037,"(43.2482986, -76.9585037)",,
Maratooka Lake,Suffolk,1,2017,C,6/9/2017,9/29/2017,16,10,40.991885,-72.523684,"(40.991885, -72.523684)",,
Dean Pond,Cortland,7,2017,HT,6/9/2017,9/29/2017,16,7,42.4477005,-76.0034027,"(42.4477005, -76.0034027)",,
Beaver Lake,Broome,7,2017,C,6/30/2017,10/20/2017,16,3,42.0455017,-75.6657028,"(42.0455017, -75.6657028)",,
Java Lake,Wyoming,8,2017,HT,7/7/2017,10/27/2017,16,11,42.6313019,-78.3439026,"(42.6313019, -78.3439026)",,
Old Town Pond,Suffolk,1,2016,C,6/24/2016,10/13/2016,16,11,40.878721,-72.372558,"(40.878721, -72.372558)",,
Roaring Brook Lake,Putnam,3,2016,C,7/1/2016,10/20/2016,16,1,41.4388008,-73.8075027,"(41.4388008, -73.8075027)",,
Harlem Meer,New York,2,2016,HT,7/8/2016,10/27/2016,16,16,40.7961006,-73.9512024,"(40.7961006, -73.9512024)",,
Chautauqua Lake,Chautauqua,9,2016,HT,7/11/2016,10/28/2016,16,12,42.156238,-79.393483,"(42.156238, -79.393483)",,
New Rochelle Reservoir No.3,Westchester,3,2016,S,7/10/2016,10/27/2016,16,2,40.9463005,-73.8013,"(40.9463005, -73.8013)",,
Wainscott Pond,Suffolk,1,2016,C,6/10/2016,9/30/2016,16,13,40.9292984,-72.2425995,"(40.9292984, -72.2425995)",,
Oneida Lake,Oneida,6,2015,S,3/7/2015,6/30/2015,16,5,43.2033005,-75.9100037,"(43.2033005, -75.9100037)",,
Oneida Lake,Madison,7,2015,S,3/7/2015,6/30/2015,16,5,43.2033005,-75.9100037,"(43.2033005, -75.9100037)",,
Oneida Lake,Onondaga,7,2014,S,7/10/2014,10/27/2014,16,3,43.2033005,-75.9100037,"(43.2033005, -75.9100037)",,
Fresh Pond (Hither Hills SP),Suffolk,1,2014,S,7/8/2014,10/27/2014,16,1,41.0158997,-72.024498,"(41.0158997, -72.024498)",,
Lime Lake,Cattaraugus,9,2014,HT,6/29/2014,10/20/2014,16,1,42.4273987,-78.4792023,"(42.4273987, -78.4792023)",,
Chautauqua Lake,Chautauqua,9,2014,HT,6/30/2014,10/20/2014,16,11,42.156238,-79.393483,"(42.156238, -79.393483)",,
Grassy Sprain Reservoir,Westchester,3,2014,C,3/11/2014,6/30/2014,16,1,40.9780998,-73.8475037,"(40.9780998, -73.8475037)",,
Oneida Lake,Madison,7,2014,S,7/10/2014,10/27/2014,16,3,43.2033005,-75.9100037,"(43.2033005, -75.9100037)",,
Mariaville Lake,Schenectady,4,2014,C,3/8/2014,6/30/2014,16,1,42.8336983,-74.1119003,"(42.8336983, -74.1119003)",,
Honeoye Lake,Ontario,8,2014,HT,6/27/2014,10/20/2014,16,8,42.7542,-77.5115967,"(42.7542, -77.5115967)",,
Mill Pond,Genesee,8,2014,C,7/8/2014,10/27/2014,16,1,43.08393,-78.05583,"(43.08393, -78.05583)",,
Putnam Lake,Putnam,3,2013,HT,6/26/2013,10/14/2013,16,9,41.4664001,-73.5395966,"(41.4664001, -73.5395966)",,
Oneida Lake,Oneida,6,2013,C,7/1/2013,10/20/2013,16,8,43.2033005,-75.9100037,"(43.2033005, -75.9100037)",,
Butterfield Lake,Jefferson,6,2013,C,7/3/2013,10/20/2013,16,8,44.3165016,-75.7751999,"(44.3165016, -75.7751999)",,
Bedford Lake,Westchester,3,2013,C,7/7/2013,10/27/2013,16,1,41.1948013,-73.7036972,"(41.1948013, -73.7036972)",,
Lake Sunnyside,Warren,5,2013,C,6/29/2013,10/20/2013,16,5,43.3753014,-73.6397018,"(43.3753014, -73.6397018)",,
Chautauqua Lake,Chautauqua,9,2013,HT,7/16/2013,11/4/2013,16,11,42.156238,-79.393483,"(42.156238, -79.393483)",,
Lake Lincolndale,Westchester,3,2013,C,6/15/2013,10/2/2013,16,8,41.3419991,-73.7254028,"(41.3419991, -73.7254028)",,
Oneida Lake,Onondaga,7,2013,C,7/1/2013,10/20/2013,16,8,43.2033005,-75.9100037,"(43.2033005, -75.9100037)",,
Peach Lake,Putnam,3,2013,HT,7/10/2013,10/27/2013,16,9,41.362999,-73.5800018,"(41.362999, -73.5800018)",,
Beaver Lake,Broome,7,2013,HT,6/9/2013,9/29/2013,16,9,42.0455017,-75.6657028,"(42.0455017, -75.6657028)",,
Lake Waccabuc,Westchester,3,2012,C,6/22/2012,10/13/2012,16,4,41.297699,-73.5840988,"(41.297699, -73.5840988)",,
Song Lake,Cortland,7,2012,HT,6/22/2012,10/13/2012,16,5,42.7723007,-76.146864,"(42.7723007, -76.146864)",,
Somerset Lake,Delaware,4,2012,C,7/2/2012,10/20/2012,16,4,41.9101982,-75.2289963,"(41.9101982, -75.2289963)",,
Oneida Lake,Oswego,7,2018,S,6/29/2018,10/13/2018,15,5,43.2033005,-75.9100037,"(43.2033005, -75.9100037)",,
Montgomery Lake,Sullivan,3,2018,C,7/13/2018,10/27/2018,15,6,41.5252991,-74.9172974,"(41.5252991, -74.9172974)",,
Big Bowman Pond,Rensselaer,5,2018,C,6/22/2018,10/2/2018,15,1,42.6483002,-73.487999,"(42.6483002, -73.487999)",,
New Rochelle Reservoir No.3,Westchester,3,2018,S,6/15/2018,9/29/2018,15,1,40.9463005,-73.8013,"(40.9463005, -73.8013)",,
Conesus Lake,Livingston,8,2018,C,6/22/2018,10/2/2018,15,6,42.7522011,-77.7186966,"(42.7522011, -77.7186966)",,
Clove Lake,Richmond,2,2018,HT,7/13/2018,10/27/2018,15,3,40.6167984,-74.1075974,"(40.6167984, -74.1075974)",,
Allegheny Reservoir,Cattaraugus,9,2017,C,7/7/2017,10/20/2017,15,11,42.05595,-78.89069,"(42.05595, -78.89069)",,
Nassau Lake,Rensselaer,5,2017,C,7/7/2017,10/20/2017,15,8,42.5381012,-73.6037979,"(42.5381012, -73.6037979)",,
Lake Carmel,Putnam,3,2017,C,7/7/2017,10/20/2017,15,5,41.4584999,-73.6650009,"(41.4584999, -73.6650009)",,
Plymouth Reservoir,Chenango,7,2017,HT,6/30/2017,10/13/2017,15,12,42.5881004,-75.651001,"(42.5881004, -75.651001)",,
Oneida Lake,Onondaga,7,2017,HT,6/30/2017,10/13/2017,15,7,43.2033005,-75.9100037,"(43.2033005, -75.9100037)",,
Lake Moraine,Madison,7,2017,C,6/16/2017,10/2/2017,15,1,42.8502007,-75.5222015,"(42.8502007, -75.5222015)",,
Red House Lake,Cattaraugus,9,2017,S,7/14/2017,10/27/2017,15,1,42.1027985,-78.7445984,"(42.1027985, -78.7445984)",,
Goodliffe Pond,Westchester,3,2016,S,7/10/2016,10/20/2016,15,1,40.950901,-73.7714005,"(40.950901, -73.7714005)",,
Black Lake,St Lawrence,6,2016,C,7/15/2016,10/27/2016,15,5,44.5379982,-75.5688019,"(44.5379982, -75.5688019)",,
Fieldston's Indian Lake (aka: Indian Pond in Crotona Park),Bronx,2,2016,HT,6/24/2016,10/7/2016,15,11,40.8382988,-73.8940964,"(40.8382988, -73.8940964)",,
Lake Huntington,Sullivan,3,2016,S,7/15/2016,10/27/2016,15,1,41.6828995,-74.9904022,"(41.6828995, -74.9904022)",,
Spring Lake,Suffolk,1,2016,C,7/1/2016,10/13/2016,15,1,40.8737984,-72.9587021,"(40.8737984, -72.9587021)",,
Evens Lake,Sullivan,3,2016,HT,7/1/2016,10/13/2016,15,2,41.765001,-74.652425,"(41.765001, -74.652425)",,
Lake Como,Cayuga,7,2015,HT,7/8/2015,10/20/2015,15,5,42.6772003,-76.3024979,"(42.6772003, -76.3024979)",,
Smith Pond,Steuben,8,2015,C,6/19/2015,9/29/2015,15,4,42.3888016,-77.4744034,"(42.3888016, -77.4744034)",,
Lake Boyce,Rockland,3,2015,S,7/14/2015,10/27/2015,15,1,41.2475014,-74.0034027,"(41.2475014, -74.0034027)",,
Mallet Pond,Schoharie,4,2015,C,7/8/2015,10/20/2015,15,1,42.586096,-74.5213227,"(42.586096, -74.5213227)",,
Loon Lake,Warren,5,2015,C,6/19/2015,9/29/2015,15,1,43.6670691,-73.8478694,"(43.6670691, -73.8478694)",,
Java Lake,Wyoming,8,2015,HT,7/17/2015,10/27/2015,15,4,42.6313019,-78.3439026,"(42.6313019, -78.3439026)",,
Fieldston's Indian Lake (aka: Indian Pond in Crotona Park),Bronx,2,2015,C,6/26/2015,10/9/2015,15,6,40.8382988,-73.8940964,"(40.8382988, -73.8940964)",,
Kiamesha Lake,Sullivan,3,2015,C,7/17/2015,10/27/2015,15,2,41.676899,-74.6663971,"(41.676899, -74.6663971)",,
Old Town Pond,Suffolk,1,2015,C,7/17/2015,10/27/2015,15,5,40.878721,-72.372558,"(40.878721, -72.372558)",,
Wainscott Pond,Suffolk,1,2015,C,7/17/2015,10/30/2015,15,10,40.9292984,-72.2425995,"(40.9292984, -72.2425995)",,
Sagaponack Lake,Suffolk,1,2014,C,7/9/2014,10/20/2014,15,1,40.9104004,-72.2910995,"(40.9104004, -72.2910995)",,
Sodus Bay,Wayne,8,2014,C,6/19/2014,9/29/2014,15,1,43.2482986,-76.9585037,"(43.2482986, -76.9585037)",,
Lime Lake,Cattaraugus,9,2013,C,7/4/2013,10/20/2013,15,2,42.4273987,-78.4792023,"(42.4273987, -78.4792023)",,
Lake Mohegan,Westchester,3,2013,HT,7/14/2013,10/27/2013,15,3,41.3139992,-73.8488007,"(41.3139992, -73.8488007)",,
Cayuta Lake,Schuyler,8,2013,C,7/15/2013,10/27/2013,15,4,42.3670006,-76.7352982,"(42.3670006, -76.7352982)",,
Smith Pond,Steuben,8,2013,HT,6/30/2013,10/13/2013,15,5,42.3888016,-77.4744034,"(42.3888016, -77.4744034)",,
Dean Pond,Cortland,7,2013,HT,7/12/2013,10/27/2013,15,13,42.4477005,-76.0034027,"(42.4477005, -76.0034027)",,
Honeoye Lake,Ontario,8,2013,HT,7/5/2013,10/20/2013,15,13,42.7542,-77.5115967,"(42.7542, -77.5115967)",,
Lake Lucille,Rockland,3,2013,C,7/10/2013,10/20/2013,15,1,41.1837006,-73.9978027,"(41.1837006, -73.9978027)",,
Cayuta Lake,Schuyler,8,2013,C,7/15/2013,10/27/2013,15,15,42.3670006,-76.7352982,"(42.3670006, -76.7352982)",,
Oneida Lake,Oneida,6,2018,S,6/29/2018,10/2/2018,14,5,43.2033005,-75.9100037,"(43.2033005, -75.9100037)",,
Honeoye Lake,Ontario,8,2017,C,7/7/2017,10/13/2017,14,13,42.7542,-77.5115967,"(42.7542, -77.5115967)",,
Owasco Lake,Cayuga,7,2017,HT,7/21/2017,10/27/2017,14,10,42.8737984,-76.5281982,"(42.8737984, -76.5281982)",,
Conesus Lake,Livingston,8,2017,C,7/14/2017,10/20/2017,14,3,42.7522011,-77.7186966,"(42.7522011, -77.7186966)",,
Nooteeming Lake,Dutchess,3,2017,S,7/14/2017,10/20/2017,14,1,41.7901001,-73.7851028,"(41.7901001, -73.7851028)",,
Mariaville Lake,Schenectady,4,2017,HT,6/25/2017,10/2/2017,14,3,42.8336983,-74.1119003,"(42.8336983, -74.1119003)",,
Morningside Pond,New York,2,2017,C,6/25/2017,9/29/2017,14,3,40.803761,-73.958943,"(40.803761, -73.958943)",,
Sagaponack Lake,Suffolk,1,2016,C,7/22/2016,10/27/2016,14,4,40.9104004,-72.2910995,"(40.9104004, -72.2910995)",,
Georgica Pond,Suffolk,1,2016,C,7/8/2016,10/13/2016,14,7,40.9390984,-72.2291031,"(40.9390984, -72.2291031)",,
Turtle Pond,New York,2,2016,HT,6/24/2016,9/30/2016,14,10,40.7793007,-73.9673996,"(40.7793007, -73.9673996)",,
Allegheny Reservoir,Cattaraugus,9,2015,C,7/10/2015,10/16/2015,14,12,42.05595,-78.89069,"(42.05595, -78.89069)",,
Lake Moraine,Madison,7,2015,C,7/17/2015,10/20/2015,14,2,42.8502007,-75.5222015,"(42.8502007, -75.5222015)",,
Mill Pond,Genesee,8,2015,HT,6/26/2015,9/29/2015,14,6,43.08393,-78.05583,"(43.08393, -78.05583)",,
Andover Pond,Allegany,9,2015,C,7/31/2015,11/9/2015,14,3,42.1655998,-77.793602,"(42.1655998, -77.793602)",,
Oneida Lake,Oneida,6,2014,S,7/10/2014,10/13/2014,14,3,43.2033005,-75.9100037,"(43.2033005, -75.9100037)",,
Allegheny Reservoir,Cattaraugus,9,2014,C,7/9/2014,10/13/2014,14,12,42.05595,-78.89069,"(42.05595, -78.89069)",,
Rockland Lake,Rockland,3,2014,C,6/25/2014,9/29/2014,14,8,41.1385994,-73.9227982,"(41.1385994, -73.9227982)",,
Beaver Lake,Broome,7,2014,C,7/7/2014,10/16/2014,14,6,42.0455017,-75.6657028,"(42.0455017, -75.6657028)",,
Tomahawk Lake,Orange,3,2013,HT,7/17/2013,10/20/2013,14,3,41.4091988,-74.2233963,"(41.4091988, -74.2233963)",,
Peach Lake,Westchester,3,2013,HT,7/10/2013,10/13/2013,14,9,41.362999,-73.5800018,"(41.362999, -73.5800018)",,
Mill Pond (Watermill),Suffolk,1,2013,C,7/15/2013,10/21/2013,14,10,40.9145012,-72.3582993,"(40.9145012, -72.3582993)",,
Titus Lake,Delaware,4,2013,C,7/11/2013,10/20/2013,14,5,42.5017014,-74.7127991,"(42.5017014, -74.7127991)",,
Agawam Lake,Suffolk,1,2013,HT,7/15/2013,10/21/2013,14,8,40.8744011,-72.3921967,"(40.8744011, -72.3921967)",,
Allegheny Reservoir,Cattaraugus,9,2013,S,7/10/2013,10/14/2013,14,8,42.05595,-78.89069,"(42.05595, -78.89069)",,
Bedford Lake,Westchester,3,2012,C,7/22/2012,10/27/2012,14,1,41.1948013,-73.7036972,"(41.1948013, -73.7036972)",,
Eagle Pond,Franklin,5,2012,S,6/22/2012,9/29/2012,14,1,44.6689987,-74.2738037,"(44.6689987, -74.2738037)",,
Lake Pleasant,Hamilton,5,2012,S,7/15/2012,10/20/2012,14,1,43.4872017,-74.3638,"(43.4872017, -74.3638)",,
Evens Lake,Sullivan,3,2018,C,6/29/2018,9/29/2018,13,4,41.765001,-74.652425,"(41.765001, -74.652425)",,
Chodikee Lake,Ulster,3,2018,C,7/20/2018,10/20/2018,13,2,41.7727013,-73.9838028,"(41.7727013, -73.9838028)",,
Cayuga Lake,Cayuga,7,2018,HT,7/6/2018,10/2/2018,13,11,42.705718,-76.696105,"(42.705718, -76.696105)",,
Morningside Lake,Sullivan,3,2018,S,7/13/2018,10/13/2018,13,2,41.75116,-74.651001,"(41.75116, -74.651001)",,
Kinderhook Lake,Columbia,5,2018,C,6/29/2018,9/29/2018,13,3,42.34812,-73.66359,"(42.34812, -73.66359)",,
Brooks Lake,Richmond,2,2017,HT,7/28/2017,10/27/2017,13,3,40.6244011,-74.1203003,"(40.6244011, -74.1203003)",,
Oneida Lake,Madison,7,2017,HT,6/30/2017,10/2/2017,13,7,43.2033005,-75.9100037,"(43.2033005, -75.9100037)",,
Lake Rippowam,Westchester,3,2017,C,7/21/2017,10/20/2017,13,1,41.3000984,-73.5627975,"(41.3000984, -73.5627975)",,
Morningside Lake,Sullivan,3,2017,S,7/28/2017,10/27/2017,13,2,41.75116,-74.651001,"(41.75116, -74.651001)",,
Allegheny Reservoir,Cattaraugus,9,2016,C,7/29/2016,10/28/2016,13,9,42.05595,-78.89069,"(42.05595, -78.89069)",,
Golden Pond,Queens,2,2016,HT,7/29/2016,10/27/2016,13,3,40.7710991,-73.7649002,"(40.7710991, -73.7649002)",,
Lake Oscaleta,Westchester,3,2016,C,7/1/2016,10/2/2016,13,1,41.2965012,-73.5614014,"(41.2965012, -73.5614014)",,
Setauket Mill Pond,Suffolk,1,2016,C,7/1/2016,9/29/2016,13,1,40.9462013,-73.1156998,"(40.9462013, -73.1156998)",,
Honeoye Lake,Ontario,8,2016,C,7/29/2016,10/27/2016,13,9,42.7542,-77.5115967,"(42.7542, -77.5115967)",,
Owasco Lake,Cayuga,7,2016,HT,7/29/2016,10/27/2016,13,7,42.8737984,-76.5281982,"(42.8737984, -76.5281982)",,
Morningside Lake,Sullivan,3,2016,HT,7/1/2016,10/2/2016,13,2,41.75116,-74.651001,"(41.75116, -74.651001)",,
Schroon Lake,Warren,5,2015,S,7/31/2015,10/27/2015,13,1,43.7747993,-73.7779999,"(43.7747993, -73.7779999)",,
Schroon Lake,Essex,5,2015,S,7/31/2015,10/27/2015,13,1,43.7747993,-73.7779999,"(43.7747993, -73.7779999)",,
Lake Peekskill,Putnam,3,2015,C,7/31/2015,10/27/2015,13,2,41.3395004,-73.8827972,"(41.3395004, -73.8827972)",,
Sucker Brook,Cayuga,7,2015,C,7/17/2015,10/13/2015,13,1,42.900811,-76.528124,"(42.900811, -76.528124)",,
Cayuga Lake,Cayuga,7,2014,C,7/21/2014,10/20/2014,13,2,42.705718,-76.696105,"(42.705718, -76.696105)",,
Cayuga Lake,Seneca,8,2014,C,7/21/2014,10/20/2014,13,2,42.705718,-76.696105,"(42.705718, -76.696105)",,
Snyders Lake,Rensselaer,5,2014,C,7/2/2014,10/2/2014,13,2,42.6631012,-73.634697,"(42.6631012, -73.634697)",,
Long Pond,Rensselaer,5,2013,S,7/22/2013,10/20/2013,13,2,42.792099,-73.4386978,"(42.792099, -73.4386978)",,
Montgomery Lake,Sullivan,3,2013,C,7/14/2013,10/14/2013,13,8,41.5252991,-74.9172974,"(41.5252991, -74.9172974)",,
Oneida Lake,Oswego,7,2013,C,7/1/2013,10/2/2013,13,8,43.2033005,-75.9100037,"(43.2033005, -75.9100037)",,
Lake Anawanda,Sullivan,3,2013,C,7/15/2013,10/13/2013,13,8,41.8574982,-74.9628983,"(41.8574982, -74.9628983)",,
Lake Ronkonkoma,Suffolk,1,2013,C,7/30/2013,10/27/2013,13,1,40.821991,-73.11927,"(40.821991, -73.11927)",,
Tomahawk Lake,Orange,3,2013,HT,6/12/2013,9/11/2013,13,13,41.4091988,-74.2233963,"(41.4091988, -74.2233963)",,
Java Lake,Wyoming,8,2012,C,7/19/2012,10/20/2012,13,7,42.6313019,-78.3439026,"(42.6313019, -78.3439026)",,
Orange Lake,Orange,3,2018,C,8/6/2018,10/27/2018,12,7,41.5488014,-74.1036987,"(41.5488014, -74.1036987)",,
Old Town Pond,Suffolk,1,2018,C,7/9/2018,9/29/2018,12,1,40.878721,-72.372558,"(40.878721, -72.372558)",,
Hyden Park Lake,Niagara,8,2018,C,7/13/2018,10/2/2018,12,1,43.100662,-79.022324,"(43.100662, -79.022324)",,
Tanglewood Lake,Steuben,8,2018,C,7/27/2018,10/20/2018,12,2,42.193635,-77.251116,"(42.193635, -77.251116)",,
Basic Creek Reservoir,Albany,4,2017,S,7/21/2017,10/13/2017,12,5,42.4812012,-74.0139008,"(42.4812012, -74.0139008)",,
Martlings Lake,Richmond,2,2017,HT,7/28/2017,10/20/2017,12,3,40.6222,-74.1167984,"(40.6222, -74.1167984)",,
Hollister Lake,Greene,4,2017,C,4/8/2017,6/30/2017,12,1,42.3095016,-73.8844986,"(42.3095016, -73.8844986)",,
Prestons Pond,Suffolk,1,2017,C,7/28/2017,10/20/2017,12,2,40.9030991,-72.8199005,"(40.9030991, -72.8199005)",,
Harlem Meer,New York,2,2017,C,7/21/2017,10/13/2017,12,12,40.7961006,-73.9512024,"(40.7961006, -73.9512024)",,
St Lawrence River,St Lawrence,6,2017,S,4/8/2017,6/30/2017,12,1,44.889843,-75.120136,"(44.889843, -75.120136)",,
Silver Lake Reservoir,Richmond,2,2017,HT,7/28/2017,10/20/2017,12,3,40.62325,-74.096163,"(40.62325, -74.096163)",,
Hadlock Pond,Washington,5,2017,C,7/28/2017,10/20/2017,12,1,43.4236984,-73.5719986,"(43.4236984, -73.5719986)",,
Lake Mohegan,Westchester,3,2017,C,7/7/2017,9/29/2017,12,5,41.3139992,-73.8488007,"(41.3139992, -73.8488007)",,
Wainscott Pond,Suffolk,1,2017,C,7/28/2017,10/20/2017,12,12,40.9292984,-72.2425995,"(40.9292984, -72.2425995)",,
Halsey Pond,Westchester,3,2016,S,7/10/2016,10/2/2016,12,1,41.0290985,-73.8576965,"(41.0290985, -73.8576965)",,
Lake Temalo,Oswego,7,2016,C,7/29/2016,10/20/2016,12,1,43.2840004,-76.2594986,"(43.2840004, -76.2594986)",,
Oswego River,Oswego,7,2016,HT,7/10/2016,9/29/2016,12,2,43.397788,-76.471383,"(43.397788, -76.471383)",,
Java Lake,Wyoming,8,2016,C,7/22/2016,10/13/2016,12,3,42.6313019,-78.3439026,"(42.6313019, -78.3439026)",,
Oneida Lake,Oswego,7,2016,S,7/29/2016,10/20/2016,12,1,43.2033005,-75.9100037,"(43.2033005, -75.9100037)",,
Canadarago Lake,Otsego,4,2016,C,7/10/2016,9/29/2016,12,1,42.8153,-75.0061035,"(42.8153, -75.0061035)",,
Craine Lake,Madison,7,2015,HT,7/31/2015,10/20/2015,12,3,42.76085,-75.55753,"(42.76085, -75.55753)",,
Canandaigua Lake,Ontario,8,2015,HT,4/9/2015,6/30/2015,12,4,42.7779999,-77.3050995,"(42.7779999, -77.3050995)",,
Sixberry Lake,Jefferson,6,2015,C,7/8/2015,10/2/2015,12,1,44.2798004,-75.7750015,"(44.2798004, -75.7750015)",,
Roth Pond,Suffolk,1,2015,C,8/7/2015,10/27/2015,12,1,40.911804,-73.123789,"(40.911804, -73.123789)",,
Canandaigua Lake,Yates,8,2015,HT,4/9/2015,6/30/2015,12,4,42.7779999,-77.3050995,"(42.7779999, -77.3050995)",,
Pleasant Lake,Oswego,7,2015,HT,4/9/2015,6/30/2015,12,2,43.2354012,-76.222702,"(43.2354012, -76.222702)",,
Burden Lake,Rensselaer,5,2015,C,4/9/2015,6/30/2015,12,1,42.608922,-73.568627,"(42.608922, -73.568627)",,
Gilbert Lake,Otsego,4,2014,C,4/8/2014,6/30/2014,12,3,42.5800018,-75.1283035,"(42.5800018, -75.1283035)",,
Butterfield Lake,Jefferson,6,2014,C,8/6/2014,10/27/2014,12,2,44.3165016,-75.7751999,"(44.3165016, -75.7751999)",,
Old Town Pond,Suffolk,1,2014,C,7/9/2014,10/2/2014,12,1,40.878721,-72.372558,"(40.878721, -72.372558)",,
Lake Peekskill,Putnam,3,2014,HT,7/22/2014,10/13/2014,12,5,41.3395004,-73.8827972,"(41.3395004, -73.8827972)",,
Morningside Lake,Sullivan,3,2014,HT,7/30/2014,10/20/2014,12,1,41.75116,-74.651001,"(41.75116, -74.651001)",,
Black Lake,St Lawrence,6,2014,HT,7/29/2014,10/20/2014,12,4,44.5379982,-75.5688019,"(44.5379982, -75.5688019)",,
Engleville Pond,Schoharie,4,2014,C,7/30/2014,10/20/2014,12,1,42.757,-74.652298,"(42.757, -74.652298)",,
Oneida Lake,Oswego,7,2014,S,7/10/2014,9/29/2014,12,3,43.2033005,-75.9100037,"(43.2033005, -75.9100037)",,
Beaver Dam Lake,Orange,3,2014,HT,7/31/2014,10/20/2014,12,7,41.4420013,-74.1158981,"(41.4420013, -74.1158981)",,
Lake Mohegan,Westchester,3,2014,HT,7/20/2014,10/13/2014,12,10,41.3139992,-73.8488007,"(41.3139992, -73.8488007)",,
Wee Wah Lake,Orange,3,2014,HT,8/5/2014,10/25/2014,12,5,41.21707,-74.19247,"(41.21707, -74.19247)",,
Waneta Lake,Schuyler,8,2013,S,7/31/2013,10/23/2013,12,8,42.444741,-77.100706,"(42.444741, -77.100706)",,
Waneta Lake,Steuben,8,2013,S,7/31/2013,10/23/2013,12,8,42.444741,-77.100706,"(42.444741, -77.100706)",,
Oneida River,Onondaga,7,2013,S,8/1/2013,10/27/2013,12,3,43.210484,-76.266313,"(43.210484, -76.266313)",,
Summit Lake,Schoharie,4,2013,S,7/10/2013,9/29/2013,12,1,42.5831985,-74.5814972,"(42.5831985, -74.5814972)",,
Red House Lake,Cattaraugus,9,2013,S,7/10/2013,10/2/2013,12,3,42.1027985,-78.7445984,"(42.1027985, -78.7445984)",,
Somerset Lake,Delaware,4,2013,C,7/7/2013,10/2/2013,12,3,41.9101982,-75.2289963,"(41.9101982, -75.2289963)",,
Little We Wah Lake,Orange,3,2012,C,7/9/2012,9/29/2012,12,3,41.21171,-74.19939,"(41.21171, -74.19939)",,
Nassau Lake,Rensselaer,5,2012,S,8/3/2012,10/27/2012,12,8,42.5381012,-73.6037979,"(42.5381012, -73.6037979)",,
Mud Lake,Steuben,8,2012,S,7/25/2012,10/20/2012,12,3,42.4914017,-77.2791977,"(42.4914017, -77.2791977)",,
Honeoye Lake,Ontario,8,2012,S,6/20/2012,9/12/2012,12,7,42.7542,-77.5115967,"(42.7542, -77.5115967)",,
Craine Lake,Madison,7,2012,HT,7/7/2012,9/29/2012,12,7,42.76085,-75.55753,"(42.76085, -75.55753)",,
Wee Wah Lake,Orange,3,2012,HT,6/22/2012,9/17/2012,12,3,41.21707,-74.19247,"(41.21707, -74.19247)",,
Goose Pond,Queens,2,2018,HT,8/10/2018,10/27/2018,11,6,40.7118988,-73.7986984,"(40.7118988, -73.7986984)",,
Bowne Pond,Queens,2,2018,HT,5/17/2018,8/3/2018,11,7,40.770707,-73.808255,"(40.770707, -73.808255)",,
Duane Lake,Schenectady,4,2018,C,8/10/2018,10/27/2018,11,5,42.7490997,-74.1126022,"(42.7490997, -74.1126022)",,
Smith Pond,Steuben,8,2017,C,6/9/2017,8/25/2017,11,5,42.3888016,-77.4744034,"(42.3888016, -77.4744034)",,
East Sidney Lake,Delaware,4,2017,S,8/11/2017,10/27/2017,11,3,42.3275986,-75.2145004,"(42.3275986, -75.2145004)",,
Putnam Lake,Putnam,3,2017,C,8/9/2017,10/27/2017,11,1,41.4664001,-73.5395966,"(41.4664001, -73.5395966)",,
Kirk Lake,Putnam,3,2017,C,7/28/2017,10/13/2017,11,1,41.385601,-73.7498016,"(41.385601, -73.7498016)",,
Silver Lake,Wyoming,8,2017,HT,8/11/2017,10/27/2017,11,6,42.69042,-78.02907,"(42.69042, -78.02907)",,
Clove Lake,Richmond,2,2017,HT,7/28/2017,10/13/2017,11,3,40.6167984,-74.1075974,"(40.6167984, -74.1075974)",,
Lawson Lake,Albany,4,2017,C,8/11/2017,10/27/2017,11,4,42.5391006,-73.9598999,"(42.5391006, -73.9598999)",,
Montgomery Lake,Sullivan,3,2017,C,7/14/2017,10/2/2017,11,6,41.5252991,-74.9172974,"(41.5252991, -74.9172974)",,
Kissena Lake,Queens,2,2016,C,7/15/2016,10/1/2016,11,7,40.7481003,-73.8054962,"(40.7481003, -73.8054962)",,
Bedford Lake,Westchester,3,2016,HT,7/15/2016,9/29/2016,11,5,41.1948013,-73.7036972,"(41.1948013, -73.7036972)",,
Hiawatha Lake,Onondaga,7,2016,C,7/29/2016,10/13/2016,11,1,43.0257988,-76.1687012,"(43.0257988, -76.1687012)",,
Nassau Lake,Rensselaer,5,2016,HT,8/12/2016,10/28/2016,11,5,42.5381012,-73.6037979,"(42.5381012, -73.6037979)",,
Sucker Brook,Ontario,8,2016,C,8/12/2016,10/27/2016,11,2,42.875013,-77.276525,"(42.875013, -77.276525)",,
Montgomery Lake,Sullivan,3,2015,C,8/14/2015,10/30/2015,11,4,41.5252991,-74.9172974,"(41.5252991, -74.9172974)",,
Beaver Lake,Broome,7,2015,C,7/17/2015,10/2/2015,11,5,42.0455017,-75.6657028,"(42.0455017, -75.6657028)",,
Red House Lake,Cattaraugus,9,2015,S,8/14/2015,10/27/2015,11,3,42.1027985,-78.7445984,"(42.1027985, -78.7445984)",,
Harlem Meer,New York,2,2015,HT,7/31/2015,10/13/2015,11,11,40.7961006,-73.9512024,"(40.7961006, -73.9512024)",,
Moon Lake,Jefferson,6,2015,HT,7/31/2015,10/13/2015,11,7,44.2542992,-75.732399,"(44.2542992, -75.732399)",,
Georgica Pond,Suffolk,1,2015,C,8/14/2015,10/27/2015,11,7,40.9390984,-72.2291031,"(40.9390984, -72.2291031)",,
Schroon Lake,Warren,5,2015,S,7/31/2015,10/13/2015,11,1,43.7747993,-73.7779999,"(43.7747993, -73.7779999)",,
Song Lake,Cortland,7,2014,HT,7/11/2014,9/29/2014,11,6,42.7723007,-76.146864,"(42.7723007, -76.146864)",,
Orange Lake,Orange,3,2014,HT,8/6/2014,10/20/2014,11,8,41.5488014,-74.1036987,"(41.5488014, -74.1036987)",,
Buckingham Lake,Albany,4,2014,C,7/13/2014,9/29/2014,11,1,42.6635017,-73.8070984,"(42.6635017, -73.8070984)",,
Cossayuna Lake,Washington,5,2013,HT,8/6/2013,10/20/2013,11,5,43.2005997,-73.4234009,"(43.2005997, -73.4234009)",,
Lake Katonah,Westchester,3,2013,C,8/13/2013,10/27/2013,11,4,41.2853012,-73.6549988,"(41.2853012, -73.6549988)",,
Sleepy Hollow Lake,Greene,4,2013,HT,8/2/2013,10/20/2013,11,4,42.2943993,-73.8069,"(42.2943993, -73.8069)",,
Chautauqua Lake,Chautauqua,9,2012,HT,7/28/2012,10/10/2012,11,9,42.156238,-79.393483,"(42.156238, -79.393483)",,
Findley Lake,Chautauqua,9,2012,HT,8/6/2012,10/20/2012,11,4,42.1018982,-79.7261963,"(42.1018982, -79.7261963)",,
Oneida River,Onondaga,7,2012,S,7/13/2012,9/29/2012,11,1,43.210484,-76.266313,"(43.210484, -76.266313)",,
Buckingham Lake,Albany,4,2012,C,7/28/2012,10/13/2012,11,2,42.6635017,-73.8070984,"(42.6635017, -73.8070984)",,
Findley Lake,Chautauqua,9,2018,HT,8/17/2018,10/27/2018,10,5,42.1018982,-79.7261963,"(42.1018982, -79.7261963)",,
Skaneateles Lake,Onondaga,7,2018,HT,8/10/2018,10/20/2018,10,4,42.8451004,-76.3503036,"(42.8451004, -76.3503036)",,
Deer Lake,Dutchess,3,2018,S,8/10/2018,10/20/2018,10,1,41.9011,-75.032318,"(41.9011, -75.032318)",,
Hiawatha Lake,Onondaga,7,2018,C,7/20/2018,9/29/2018,10,2,43.0257988,-76.1687012,"(43.0257988, -76.1687012)",,
Keuka Lake,Steuben,8,2018,HT,8/17/2018,10/27/2018,10,4,42.4934006,-77.1395035,"(42.4934006, -77.1395035)",,
Bear Lake,Chautauqua,9,2018,S,7/20/2018,9/29/2018,10,1,42.351299,-79.385841,"(42.351299, -79.385841)",,
Java Lake,Wyoming,8,2018,HT,7/20/2018,9/29/2018,10,6,42.6313019,-78.3439026,"(42.6313019, -78.3439026)",,
Lake Peekskill,Putnam,3,2018,HT,7/6/2018,9/14/2018,10,6,41.3395004,-73.8827972,"(41.3395004, -73.8827972)",,
Lake Casse,Putnam,3,2018,C,8/6/2018,10/13/2018,10,6,41.3862991,-73.7099991,"(41.3862991, -73.7099991)",,
Georgica Pond,Suffolk,1,2018,C,7/20/2018,9/29/2018,10,10,40.9390984,-72.2291031,"(40.9390984, -72.2291031)",,
Turtle Pond,Oneida,6,2018,S,7/27/2018,10/2/2018,10,4,40.7793007,-73.9673996,"(40.7793007, -73.9673996)",,
Mariaville Lake,Schenectady,4,2018,C,8/3/2018,10/12/2018,10,5,42.8336983,-74.1119003,"(42.8336983, -74.1119003)",,
Putnam Lake,Putnam,3,2018,C,8/6/2018,10/13/2018,10,6,41.4664001,-73.5395966,"(41.4664001, -73.5395966)",,
Avon Marsh Dam Pond,Livingston,8,2018,HT,6/22/2018,8/31/2018,10,6,42.9011002,-77.668602,"(42.9011002, -77.668602)",,
Cayuga Lake,Tompkins,7,2017,HT,8/16/2017,10/27/2017,10,8,42.705718,-76.696105,"(42.705718, -76.696105)",,
Rockland Lake,Rockland,3,2017,C,8/11/2017,10/20/2017,10,4,41.1385994,-73.9227982,"(41.1385994, -73.9227982)",,
Lake Casse,Putnam,3,2017,S,7/21/2017,10/2/2017,10,4,41.3862991,-73.7099991,"(41.3862991, -73.7099991)",,
Cayuga Lake,Seneca,8,2017,HT,8/16/2017,10/27/2017,10,8,42.705718,-76.696105,"(42.705718, -76.696105)",,
Cayuga Lake,Cayuga,7,2017,HT,7/21/2017,9/29/2017,10,8,42.705718,-76.696105,"(42.705718, -76.696105)",,
Dryden Lake,Tompkins,7,2017,C,6/30/2017,9/8/2017,10,4,42.4620018,-76.2725983,"(42.4620018, -76.2725983)",,
Lake Peekskill,Putnam,3,2017,C,7/21/2017,9/29/2017,10,4,41.3395004,-73.8827972,"(41.3395004, -73.8827972)",,
Croton Falls Reservoir,Putnam,3,2017,S,7/21/2017,9/29/2017,10,2,41.3781013,-73.6547012,"(41.3781013, -73.6547012)",,
Hessian Lake,Rockland,3,2017,S,8/18/2017,10/27/2017,10,1,41.3153992,-73.9913025,"(41.3153992, -73.9913025)",,
Arctic Lake,Broome,7,2017,S,6/25/2017,9/1/2017,10,2,42.1792984,-75.4252014,"(42.1792984, -75.4252014)",,
Martlings Lake,Richmond,2,2016,C,8/18/2016,10/28/2016,10,1,40.6222,-74.1167984,"(40.6222, -74.1167984)",,
Gilbert Lake,Otsego,4,2016,S,8/14/2016,10/21/2016,10,4,42.5800018,-75.1283035,"(42.5800018, -75.1283035)",,
Peconic River,Suffolk,1,2016,C,8/19/2016,10/27/2016,10,1,40.916064,-72.694956,"(40.916064, -72.694956)",,
Cayuga Lake,Tompkins,7,2016,C,8/19/2016,10/27/2016,10,3,42.705718,-76.696105,"(42.705718, -76.696105)",,
Song Lake,Cortland,7,2016,HT,6/10/2016,8/22/2016,10,5,42.7723007,-76.146864,"(42.7723007, -76.146864)",,
Big Bowman Pond,Rensselaer,5,2016,C,8/19/2016,10/27/2016,10,2,42.6483002,-73.487999,"(42.6483002, -73.487999)",,
Cayuga Lake,Cayuga,7,2016,C,8/19/2016,10/27/2016,10,3,42.705718,-76.696105,"(42.705718, -76.696105)",,
Rockland Lake,Rockland,3,2016,S,6/2/2016,8/14/2016,10,5,41.1385994,-73.9227982,"(41.1385994, -73.9227982)",,
Lake Ontario,Orleans,8,2016,S,8/19/2016,10/27/2016,10,2,43.914122,-76.123662,"(43.914122, -76.123662)",,
Lake Ontario,Franklin,5,2016,S,8/19/2016,10/27/2016,10,2,43.914122,-76.123662,"(43.914122, -76.123662)",,
Mecox Bay,Suffolk,1,2016,C,8/19/2016,10/27/2016,10,3,40.9012985,-72.3333969,"(40.9012985, -72.3333969)",,
Fox Lake,Sullivan,3,2016,C,7/22/2016,10/2/2016,10,3,41.5918007,-74.9380035,"(41.5918007, -74.9380035)",,
Unnamed Pond Delta Lake SP,Oneida,6,2016,S,7/15/2016,9/23/2016,10,4,43.28994,-75.417986,"(43.28994, -75.417986)",,
Kellis Pond,Suffolk,1,2015,C,7/17/2015,9/25/2015,10,5,40.9272003,-72.3174973,"(40.9272003, -72.3174973)",,
Lake Of The Woods,Jefferson,6,2015,C,8/14/2015,10/20/2015,10,1,44.3153992,-75.7277985,"(44.3153992, -75.7277985)",,
Sepasco Lake,Dutchess,3,2015,C,8/21/2015,10/27/2015,10,3,41.9598007,-73.8376007,"(41.9598007, -73.8376007)",,
Morningside Lake,Sullivan,3,2015,HT,8/14/2015,10/20/2015,10,3,41.75116,-74.651001,"(41.75116, -74.651001)",,
Fort Pond,Suffolk,1,2015,C,7/24/2015,10/2/2015,10,6,41.0416985,-71.9532013,"(41.0416985, -71.9532013)",,
Friends Lake,Warren,5,2015,C,8/14/2015,10/20/2015,10,1,43.6259003,-73.8440018,"(43.6259003, -73.8440018)",,
Quaker Lake,Cattaraugus,9,2015,S,7/24/2015,9/29/2015,10,1,42.0433006,-78.8677979,"(42.0433006, -78.8677979)",,
Georgica Pond,Suffolk,1,2014,C,7/23/2014,10/2/2014,10,8,40.9390984,-72.2291031,"(40.9390984, -72.2291031)",,
Cayuga Lake,Tompkins,7,2014,C,7/21/2014,10/2/2014,10,2,42.705718,-76.696105,"(42.705718, -76.696105)",,
Wickapogue Pond,Suffolk,1,2014,C,6/25/2014,9/4/2014,10,9,40.8805008,-72.3676987,"(40.8805008, -72.3676987)",,
Port Bay,Wayne,8,2014,C,7/22/2014,9/29/2014,10,1,43.2975998,-76.8320999,"(43.2975998, -76.8320999)",,
Putnam Lake,Putnam,3,2014,HT,8/10/2014,10/20/2014,10,2,41.4664001,-73.5395966,"(41.4664001, -73.5395966)",,
Craine Lake,Madison,7,2014,HT,6/24/2014,9/3/2014,10,7,42.76085,-75.55753,"(42.76085, -75.55753)",,
Basic Creek Reservoir,Albany,4,2013,HT,8/12/2013,10/20/2013,10,2,42.4812012,-74.0139008,"(42.4812012, -74.0139008)",,
Lawson Lake,Albany,4,2013,HT,8/13/2013,10/20/2013,10,6,42.5391006,-73.9598999,"(42.5391006, -73.9598999)",,
Cazenovia Lake,Madison,7,2013,C,8/13/2013,10/20/2013,10,3,42.9482002,-75.8720016,"(42.9482002, -75.8720016)",,
Rockland Lake,Rockland,3,2012,S,8/20/2012,10/27/2012,10,1,41.1385994,-73.9227982,"(41.1385994, -73.9227982)",,
Diverting Reservoir,Putnam,3,2018,S,8/10/2018,10/13/2018,9,1,42.53676,-77.30129,"(42.53676, -77.30129)",,
Dean Pond,Cortland,7,2018,C,7/13/2018,9/14/2018,9,4,42.4477005,-76.0034027,"(42.4477005, -76.0034027)",,
Hyde Lake,Jefferson,6,2018,S,8/17/2018,10/20/2018,9,2,44.2435989,-75.8331985,"(44.2435989, -75.8331985)",,
Seneca Lake,Seneca,8,2018,HT,8/24/2018,10/27/2018,9,6,42.4424019,-76.884697,"(42.4424019, -76.884697)",,
Lake Ontario (Westcott),Jefferson,6,2018,S,8/17/2018,10/20/2018,9,1,43.914122,-76.123662,"(43.914122, -76.123662)",,
Long Pond,Dutchess,3,2018,S,8/24/2018,10/27/2018,9,1,42.792099,-73.4386978,"(42.792099, -73.4386978)",,
Tully Lake,Onondaga,7,2018,C,8/24/2018,10/27/2018,9,1,42.7764015,-76.1352005,"(42.7764015, -76.1352005)",,
Canandaigua Lake,Yates,8,2018,HT,8/24/2018,10/27/2018,9,7,42.7779999,-77.3050995,"(42.7779999, -77.3050995)",,
Round Lake,Orange,3,2018,S,8/17/2018,10/20/2018,9,1,42.9339981,-73.7828979,"(42.9339981, -73.7828979)",,
Beverly's Pond,Chemung,8,2018,S,8/17/2018,10/20/2018,9,1,40.938789,-72.685211,"(40.938789, -72.685211)",,
Barnum Pond,Franklin,5,2018,S,8/17/2018,10/20/2018,9,4,44.4599991,-74.2594986,"(44.4599991, -74.2594986)",,
The Pond in Central Park,New York,2,2018,C,7/27/2018,9/29/2018,9,1,40.69744,-73.97944,"(40.69744, -73.97944)",,
Little We Wah Lake,Orange,3,2017,C,8/18/2017,10/20/2017,9,2,41.21171,-74.19939,"(41.21171, -74.19939)",,
Ballston Lake,Saratoga,5,2017,C,7/21/2017,9/22/2017,9,3,42.9388008,-73.8578033,"(42.9388008, -73.8578033)",,
Winding Hills Park Lake,Orange,3,2017,C,4/8/2017,6/10/2017,9,2,41.5387993,-74.2752991,"(41.5387993, -74.2752991)",,
Marion Lake,Suffolk,1,2016,C,8/12/2016,10/13/2016,9,1,41.1254997,-72.3333969,"(41.1254997, -72.3333969)",,
Kirk Lake,Putnam,3,2016,C,7/29/2016,10/2/2016,9,3,41.385601,-73.7498016,"(41.385601, -73.7498016)",,
Pennellville Pond,Oswego,7,2016,C,7/29/2016,9/29/2016,9,1,43.2854004,-76.2677002,"(43.2854004, -76.2677002)",,
Croton Falls Reservoir,Putnam,3,2016,S,8/26/2016,10/27/2016,9,2,41.3781013,-73.6547012,"(41.3781013, -73.6547012)",,
Lake Ontario,Oswego,7,2016,S,8/19/2016,10/20/2016,9,2,43.914122,-76.123662,"(43.914122, -76.123662)",,
Muscoot Reservoir,Westchester,3,2016,S,8/26/2016,10/27/2016,9,1,41.2703018,-73.7113037,"(41.2703018, -73.7113037)",,
Morningside Pond,New York,2,2016,C,8/26/2016,10/27/2016,9,4,40.803761,-73.958943,"(40.803761, -73.958943)",,
Putnam Lake,Putnam,3,2016,C,7/29/2016,10/2/2016,9,3,41.4664001,-73.5395966,"(41.4664001, -73.5395966)",,
Oneida Lake,Madison,7,2016,S,7/29/2016,9/29/2016,9,1,43.2033005,-75.9100037,"(43.2033005, -75.9100037)",,
Lake Ontario,St Lawrence,6,2016,S,8/19/2016,10/20/2016,9,2,43.914122,-76.123662,"(43.914122, -76.123662)",,
Kellis Pond,Suffolk,1,2016,C,7/15/2016,9/16/2016,9,6,40.9272003,-72.3174973,"(40.9272003, -72.3174973)",,
Oneida River,Onondaga,7,2016,HT,8/28/2016,10/28/2016,9,4,43.210484,-76.266313,"(43.210484, -76.266313)",,
Niger Pond,Suffolk,1,2016,C,8/19/2016,10/20/2016,9,2,40.8989983,-72.8195038,"(40.8989983, -72.8195038)",,
Hyde Park Lake,Niagara,9,2016,C,8/19/2016,10/20/2016,9,1,43.100662,-79.022324,"(43.100662, -79.022324)",,
Wallkill River,Ulster,3,2016,HT,8/26/2016,10/28/2016,9,8,41.743866,-74.093447,"(41.743866, -74.093447)",,
Little Fresh Pond,Suffolk,1,2015,C,8/28/2015,10/27/2015,9,2,40.9182014,-72.4085007,"(40.9182014, -72.4085007)",,
Sixtown Pond,Jefferson,6,2015,S,8/28/2015,10/27/2015,9,4,43.8291467,-76.1264733,"(43.82914667, -76.12647333)",,
Seneca Lake,Seneca,8,2015,HT,8/21/2015,10/20/2015,9,4,42.4424019,-76.884697,"(42.4424019, -76.884697)",,
Peach Lake,Putnam,3,2015,C,8/28/2015,10/27/2015,9,2,41.362999,-73.5800018,"(41.362999, -73.5800018)",,
Roaring Brook Lake,Putnam,3,2015,HT,6/12/2015,8/14/2015,9,7,41.4388008,-73.8075027,"(41.4388008, -73.8075027)",,
Seneca Lake,Yates,8,2015,HT,8/21/2015,10/20/2015,9,4,42.4424019,-76.884697,"(42.4424019, -76.884697)",,
Canadarago Lake,Otsego,4,2015,C,8/28/2015,10/27/2015,9,2,42.8153,-75.0061035,"(42.8153, -75.0061035)",,
Brooks Lake,Richmond,2,2015,HT,8/28/2015,10/27/2015,9,2,40.6244011,-74.1203003,"(40.6244011, -74.1203003)",,
Mariaville Lake,Schenectady,4,2015,C,8/21/2015,10/20/2015,9,3,42.8336983,-74.1119003,"(42.8336983, -74.1119003)",,
Lake Ronkonkoma,Suffolk,1,2014,C,8/25/2014,10/27/2014,9,1,40.821991,-73.11927,"(40.821991, -73.11927)",,
Sodus Bay,Wayne,8,2013,C,8/27/2013,10/27/2013,9,1,43.2482986,-76.9585037,"(43.2482986, -76.9585037)",,
Congers Lake,Rockland,3,2013,HT,8/27/2013,10/27/2013,9,1,41.1427994,-73.9396973,"(41.1427994, -73.9396973)",,
Nassau Lake,Rensselaer,5,2013,C,7/25/2013,9/29/2013,9,2,42.5381012,-73.6037979,"(42.5381012, -73.6037979)",,
Laurel Lake,Broome,7,2013,C,8/22/2013,10/27/2013,9,1,42.0103989,-75.4803009,"(42.0103989, -75.4803009)",,
Kissena Lake,Queens,2,2013,S,8/28/2013,10/27/2013,9,2,40.7481003,-73.8054962,"(40.7481003, -73.8054962)",,
Chenango Lake,Chenango,7,2013,C,8/27/2013,10/27/2013,9,1,42.5825996,-75.4412003,"(42.5825996, -75.4412003)",,
East Branch Hackensack River,Rockland,3,2013,S,8/1/2013,10/2/2013,9,9,41.121117,-73.960648,"(41.121117, -73.960648)",,
Grass Lake,St Lawrence,6,2013,C,8/27/2013,10/27/2013,9,9,44.3400002,-75.7152023,"(44.3400002, -75.7152023)",,
Lake Katonah,Westchester,3,2013,C,7/30/2013,9/30/2013,9,9,41.2853012,-73.6549988,"(41.2853012, -73.6549988)",,
Tomahawk Lake,Orange,3,2012,S,8/3/2012,10/2/2012,9,1,41.4091988,-74.2233963,"(41.4091988, -74.2233963)",,
Waneta Lake,Schuyler,8,2012,S,8/21/2012,10/24/2012,9,3,42.444741,-77.100706,"(42.444741, -77.100706)",,
Waneta Lake,Steuben,8,2012,S,8/21/2012,10/24/2012,9,3,42.444741,-77.100706,"(42.444741, -77.100706)",,
Somerset Lake,Delaware,4,2018,C,8/31/2018,10/27/2018,8,1,41.9101982,-75.2289963,"(41.9101982, -75.2289963)",,
Keuka Lake,Yates,8,2018,HT,8/17/2018,10/13/2018,8,4,42.4934006,-77.1395035,"(42.4934006, -77.1395035)",,
Sleepy Hollow Lake,Greene,8,2018,C,8/31/2018,10/27/2018,8,5,42.2943993,-73.8069,"(42.2943993, -73.8069)",,
Seneca Lake,Ontario,8,2018,HT,8/24/2018,10/20/2018,8,6,42.4424019,-76.884697,"(42.4424019, -76.884697)",,
Sucker Brook,Cayuga,7,2018,HT,8/10/2018,10/2/2018,8,1,42.875013,-77.276525,"(42.875013, -77.276525)",,
Coopers Neck Pond,Suffolk,1,2018,C,8/31/2018,10/27/2018,8,2,40.8675995,-72.4021988,"(40.8675995, -72.4021988)",,
Saratoga Lake,Saratoga,5,2018,C,8/24/2018,10/20/2018,8,5,43.0167007,-73.7415009,"(43.0167007, -73.7415009)",,
Wainscott Pond,Suffolk,1,2018,C,7/13/2018,9/7/2018,8,6,40.9292984,-72.2425995,"(40.9292984, -72.2425995)",,
Round Lake,Saratoga,5,2017,C,7/21/2017,9/15/2017,8,3,42.9339981,-73.7828979,"(42.9339981, -73.7828979)",,
Tully Lake,Cortland,7,2017,C,9/1/2017,10/27/2017,8,2,42.7764015,-76.1352005,"(42.7764015, -76.1352005)",,
Findley Lake,Chautauqua,9,2017,C,8/18/2017,10/13/2017,8,4,42.1018982,-79.7261963,"(42.1018982, -79.7261963)",,
Myosotis Lake,Albany,4,2017,C,8/18/2017,10/13/2017,8,2,42.5201988,-74.1501999,"(42.5201988, -74.1501999)",,
Avon Marsh Dam Pond,Livingston,8,2017,HT,8/11/2017,10/6/2017,8,3,42.9011002,-77.668602,"(42.9011002, -77.668602)",,
Mountain Lake,Sullivan,3,2016,HT,8/26/2016,10/21/2016,8,4,41.6571007,-74.8147964,"(41.6571007, -74.8147964)",,
Peconic Lake,Suffolk,1,2016,C,8/19/2016,10/13/2016,8,1,40.9140015,-72.7177963,"(40.9140015, -72.7177963)",,
Clove Lake,Richmond,2,2016,C,9/2/2016,10/27/2016,8,1,40.6167984,-74.1075974,"(40.6167984, -74.1075974)",,
Seneca Lake,Schuyler,8,2016,HT,9/2/2016,10/27/2016,8,2,42.4424019,-76.884697,"(42.4424019, -76.884697)",,
Sturgeon Pool,Ulster,3,2016,S,8/26/2016,10/20/2016,8,5,41.8436012,-74.0426025,"(41.8436012, -74.0426025)",,
Cayuga Lake,Seneca,8,2016,C,8/19/2016,10/13/2016,8,3,42.705718,-76.696105,"(42.705718, -76.696105)",,
Seneca Lake,Yates,8,2016,HT,9/2/2016,10/27/2016,8,2,42.4424019,-76.884697,"(42.4424019, -76.884697)",,
Lake Ontario,Jefferson,6,2016,S,8/19/2016,10/13/2016,8,2,43.914122,-76.123662,"(43.914122, -76.123662)",,
Song Lake,Cortland,7,2015,HT,5/6/2015,6/30/2015,8,5,42.7723007,-76.146864,"(42.7723007, -76.146864)",,
Onderdonk Lake,Albany,4,2015,C,5/6/2015,6/30/2015,8,1,42.5442009,-74.0848999,"(42.5442009, -74.0848999)",,
Rockland Lake,Rockland,3,2015,S,6/12/2015,8/7/2015,8,6,41.1385994,-73.9227982,"(41.1385994, -73.9227982)",,
Mckay Pond,Suffolk,1,2015,C,8/7/2015,10/2/2015,8,2,40.9071007,-72.7953033,"(40.9071007, -72.7953033)",,
Warners Lake,Albany,4,2015,HT,6/12/2015,8/7/2015,8,7,42.6250992,-74.0791016,"(42.6250992, -74.0791016)",,
Patterson Veterans Park Swim Pond,Putnam,3,2014,S,8/26/2014,10/20/2014,8,1,41.5186005,-73.6149979,"(41.5186005, -73.6149979)",,
East Caroga Lake,Fulton,5,2014,C,9/1/2014,10/27/2014,8,1,43.1278,-74.4800034,"(43.1278, -74.4800034)",,
Blind Sodus Bay,Cayuga,7,2014,S,8/2/2014,9/29/2014,8,1,43.3382988,-76.728302,"(43.3382988, -76.728302)",,
Orange Lake,Orange,3,2013,C,8/24/2013,10/20/2013,8,2,41.5488014,-74.1036987,"(41.5488014, -74.1036987)",,
Deep Pond,Suffolk,1,2013,HT,8/28/2013,10/20/2013,8,1,40.936537,-72.831295,"(40.936537, -72.831295)",,
Maratooka Lake,Suffolk,1,2013,HT,8/28/2013,10/20/2013,8,5,40.991885,-72.523684,"(40.991885, -72.523684)",,
East Branch Hackensack River,Rockland,3,2013,S,8/8/2013,10/2/2013,8,2,41.121117,-73.960648,"(41.121117, -73.960648)",,
Owasco Lake,Cayuga,7,2013,HT,8/25/2013,10/20/2013,8,2,42.8737984,-76.5281982,"(42.8737984, -76.5281982)",,
Brown's Pond,Orange,3,2013,C,8/28/2013,10/20/2013,8,8,41.4740982,-74.0867996,"(41.4740982, -74.0867996)",,
Lake Mohegan,Westchester,3,2012,C,8/7/2012,10/2/2012,8,4,41.3139992,-73.8488007,"(41.3139992, -73.8488007)",,
Beaver Lake Inlet,Cattaraugus,9,2012,S,8/7/2012,10/2/2012,8,3,42.448431,-78.397214,"(42.448431, -78.397214)",,
Lime Lake,Cattaraugus,9,2012,HT,6/29/2012,8/26/2012,8,5,42.4273987,-78.4792023,"(42.4273987, -78.4792023)",,
Four Corners Pond,Orange,3,2012,C,8/22/2012,10/20/2012,8,1,41.2224998,-74.2223969,"(41.2224998, -74.2223969)",,
Canandaigua Lake,Ontario,8,2018,HT,8/24/2018,10/13/2018,7,7,42.7779999,-77.3050995,"(42.7779999, -77.3050995)",,
Big Fresh Pond,Suffolk,1,2018,C,8/24/2018,10/13/2018,7,1,40.61927,-73.95696,"(40.61927, -73.95696)",,
Pleasure Lake,Sullivan,3,2018,C,8/17/2018,10/2/2018,7,4,41.6960983,-74.6279984,"(41.6960983, -74.6279984)",,
Seneca Lake,Yates,8,2018,HT,8/24/2018,10/13/2018,7,6,42.4424019,-76.884697,"(42.4424019, -76.884697)",,
De Ruyter Reservoir,Onondaga,7,2018,C,8/31/2018,10/20/2018,7,3,42.8106995,-75.8886032,"(42.8106995, -75.8886032)",,
De Ruyter Reservoir,Madison,7,2018,C,8/31/2018,10/20/2018,7,3,42.8106995,-75.8886032,"(42.8106995, -75.8886032)",,
Lake Lincolndale,Westchester,3,2018,HT,8/10/2018,9/29/2018,7,2,41.3419991,-73.7254028,"(41.3419991, -73.7254028)",,
Peach Lake,Westchester,3,2018,C,9/7/2018,10/27/2018,7,2,41.362999,-73.5800018,"(41.362999, -73.5800018)",,
New Croton Reservoir,Westchester,3,2018,S,8/24/2018,10/13/2018,7,1,41.2388,-73.8219986,"(41.2388, -73.8219986)",,
Georgica Pond,Suffolk,1,2017,C,9/6/2017,10/27/2017,7,1,40.9390984,-72.2291031,"(40.9390984, -72.2291031)",,
Craine Lake,Madison,7,2017,HT,8/11/2017,10/2/2017,7,3,42.76085,-75.55753,"(42.76085, -75.55753)",,
Fort Pond,Suffolk,1,2017,C,8/11/2017,9/30/2017,7,3,41.0416985,-71.9532013,"(41.0416985, -71.9532013)",,
Blind Sodus Bay,Wayne,7,2016,C,9/9/2016,10/28/2016,7,3,43.3382988,-76.728302,"(43.3382988, -76.728302)",,
Bowman Lake,Chenango,7,2016,S,8/12/2016,10/2/2016,7,1,42.5186996,-75.6885986,"(42.5186996, -75.6885986)",,
Red House Lake,Cattaraugus,9,2016,S,8/26/2016,10/13/2016,7,1,42.1027985,-78.7445984,"(42.1027985, -78.7445984)",,
Plymouth Reservoir,Chenango,7,2016,C,9/9/2016,10/27/2016,7,2,42.5881004,-75.651001,"(42.5881004, -75.651001)",,
Findley Lake,Chautauqua,9,2016,C,9/9/2016,10/27/2016,7,1,42.1018982,-79.7261963,"(42.1018982, -79.7261963)",,
Blind Sodus Bay,Wayne,8,2016,C,9/9/2016,10/28/2016,7,3,43.3382988,-76.728302,"(43.3382988, -76.728302)",,
South Sandy Pond,Oswego,7,2016,S,9/9/2016,10/27/2016,7,1,43.62339,-76.19037,"(43.62339, -76.19037)",,
Silver Lake Reservoir,Richmond,2,2016,C,9/2/2016,10/20/2016,7,1,40.62325,-74.096163,"(40.62325, -74.096163)",,
Hook Pond,Suffolk,1,2016,C,8/12/2016,9/30/2016,7,5,40.9478989,-72.1900024,"(40.9478989, -72.1900024)",,
Findley Lake,Chautauqua,9,2015,HT,8/14/2015,10/2/2015,7,7,42.1018982,-79.7261963,"(42.1018982, -79.7261963)",,
Honeoye Lake,Ontario,8,2015,C,8/21/2015,10/9/2015,7,7,42.7542,-77.5115967,"(42.7542, -77.5115967)",,
Fresh Pond (Shelter Island),Suffolk,1,2015,S,8/14/2015,9/29/2015,7,1,41.057541,-72.335788,"(41.057541, -72.335788)",,
Cossayuna Lake,Washington,5,2014,C,9/1/2014,10/20/2014,7,3,43.2005997,-73.4234009,"(43.2005997, -73.4234009)",,
Duane Lake,Schenectady,4,2014,C,9/1/2014,10/20/2014,7,3,42.7490997,-74.1126022,"(42.7490997, -74.1126022)",,
Java Lake,Wyoming,8,2014,HT,8/11/2014,10/2/2014,7,3,42.6313019,-78.3439026,"(42.6313019, -78.3439026)",,
Looking Glass Pond,Schoharie,4,2014,C,8/27/2014,10/13/2014,7,1,42.5499992,-74.4929962,"(42.5499992, -74.4929962)",,
Conesus Lake,Livingston,8,2014,S,7/16/2014,9/5/2014,7,4,42.7522011,-77.7186966,"(42.7522011, -77.7186966)",,
Grass Lake,St Lawrence,6,2013,C,9/10/2013,10/27/2013,7,4,44.3400002,-75.7152023,"(44.3400002, -75.7152023)",,
Buckingham Lake,Albany,4,2013,C,6/15/2013,8/3/2013,7,7,42.6635017,-73.8070984,"(42.6635017, -73.8070984)",,
Cayuta Lake,Schuyler,8,2012,S,8/22/2012,10/13/2012,7,2,42.3670006,-76.7352982,"(42.3670006, -76.7352982)",,
Laurel Lake,Broome,7,2012,C,8/23/2012,10/13/2012,7,2,42.0103989,-75.4803009,"(42.0103989, -75.4803009)",,
Red House Lake,Cattaraugus,9,2012,S,8/29/2012,10/20/2012,7,1,42.1027985,-78.7445984,"(42.1027985, -78.7445984)",,
Orange Lake,Orange,3,2012,C,7/29/2012,9/17/2012,7,4,41.5488014,-74.1036987,"(41.5488014, -74.1036987)",,
Beaver Lake,Cattaraugus,9,2012,S,8/22/2012,10/13/2012,7,1,42.4472008,-78.3965988,"(42.4472008, -78.3965988)",,
Lake Waccabuc,Westchester,3,2018,C,6/22/2018,8/3/2018,6,4,41.297699,-73.5840988,"(41.297699, -73.5840988)",,
Cayuta Lake,Schuyler,8,2018,HT,9/7/2018,10/19/2018,6,3,42.3670006,-76.7352982,"(42.3670006, -76.7352982)",,
Wilcox Memorial Park Pond (South),Dutchess,3,2018,HT,8/17/2018,9/28/2018,6,3,41.95313,-73.7264511,"(41.95313, -73.72645113)",,
Owasco Lake,Cayuga,7,2018,HT,8/17/2018,9/29/2018,6,4,42.8737984,-76.5281982,"(42.8737984, -76.5281982)",,
Marion Lake,Suffolk,1,2018,C,9/14/2018,10/27/2018,6,1,41.1254997,-72.3333969,"(41.1254997, -72.3333969)",,
Lake Ontario,Oswego,7,2018,S,9/14/2018,10/27/2018,6,1,43.914122,-76.123662,"(43.914122, -76.123662)",,
North Sandy Pond,Oswego,7,2018,C,8/24/2018,10/5/2018,6,2,43.64303,-76.1851399,"(43.64303, -76.1851399)",,
Moon Lake,Jefferson,6,2018,S,8/31/2018,10/12/2018,6,2,44.2542992,-75.732399,"(44.2542992, -75.732399)",,
Glenwood Lake,Orleans,8,2018,S,9/14/2018,10/27/2018,6,1,41.53344,-74.04531,"(41.53344, -74.04531)",,
Little Fresh Pond,Suffolk,1,2018,C,8/31/2018,10/13/2018,6,2,40.9182014,-72.4085007,"(40.9182014, -72.4085007)",,
Seneca Lake,Schuyler,8,2018,HT,8/24/2018,10/2/2018,6,6,42.4424019,-76.884697,"(42.4424019, -76.884697)",,
Lake Champlain,Clinton,5,2018,S,9/14/2018,10/27/2018,6,3,44.5694008,-73.1817017,"(44.5694008, -73.1817017)",,
Cossayuna Lake,Washington,5,2018,C,8/31/2018,10/13/2018,6,4,43.2005997,-73.4234009,"(43.2005997, -73.4234009)",,
Wilcox Memorial Park Pond (North),Dutchess,3,2018,C,8/17/2018,9/28/2018,6,4,41.95313,-73.7264511,"(41.95313, -73.72645113)",,
Hessian Lake,Orange,3,2017,S,8/18/2017,10/2/2017,6,1,41.3153992,-73.9913025,"(41.3153992, -73.9913025)",,
Tully Lake,Onondaga,7,2017,C,9/1/2017,10/13/2017,6,2,42.7764015,-76.1352005,"(42.7764015, -76.1352005)",,
Skaneateles Lake,Cortland,7,2017,HT,9/15/2017,10/27/2017,6,4,42.8451004,-76.3503036,"(42.8451004, -76.3503036)",,
Spring Lake,Suffolk,1,2017,C,9/15/2017,10/27/2017,6,1,40.8737984,-72.9587021,"(40.8737984, -72.9587021)",,
Canandaigua Lake,Yates,8,2017,HT,9/15/2017,10/27/2017,6,4,42.7779999,-77.3050995,"(42.7779999, -77.3050995)",,
Brooks Lake,Orange,3,2017,S,8/18/2017,9/29/2017,6,2,41.3302994,-73.9946976,"(41.3302994, -73.9946976)",,
Sagaponack Lake,Suffolk,1,2017,C,9/1/2017,10/13/2017,6,3,40.9104004,-72.2910995,"(40.9104004, -72.2910995)",,
Peach Lake,Westchester,3,2017,C,9/8/2017,10/20/2017,6,2,41.362999,-73.5800018,"(41.362999, -73.5800018)",,
Summit Lake,Washington,5,2017,C,6/30/2017,8/11/2017,6,1,43.2102013,-73.4632034,"(43.2102013, -73.4632034)",,
Peach Lake,Putnam,3,2017,C,9/8/2017,10/20/2017,6,2,41.362999,-73.5800018,"(41.362999, -73.5800018)",,
Golden Pond,Queens,2,2017,C,8/18/2017,9/29/2017,6,1,40.7710991,-73.7649002,"(40.7710991, -73.7649002)",,
Newark Reservoir,Ontario,8,2017,C,8/25/2017,10/6/2017,6,2,42.9347,-77.0932999,"(42.9347, -77.0932999)",,
Saratoga Lake,Saratoga,5,2016,C,9/9/2016,10/20/2016,6,1,43.0167007,-73.7415009,"(43.0167007, -73.7415009)",,
Lake Eaton,Hamilton,5,2016,S,9/9/2016,10/20/2016,6,1,43.9789009,-74.4664001,"(43.9789009, -74.4664001)",,
Canandaigua Lake,Yates,8,2016,C,9/9/2016,10/20/2016,6,1,42.7779999,-77.3050995,"(42.7779999, -77.3050995)",,
Guilford Lake,Chenango,7,2016,C,9/9/2016,10/20/2016,6,1,42.412899,-75.4993973,"(42.412899, -75.4993973)",,
Newark Reservoir,Ontario,8,2016,C,8/19/2016,9/30/2016,6,2,42.9347,-77.0932999,"(42.9347, -77.0932999)",,
Canandaigua Lake,Ontario,8,2016,C,9/9/2016,10/20/2016,6,1,42.7779999,-77.3050995,"(42.7779999, -77.3050995)",,
Lake Ontario,Wayne,8,2016,S,8/19/2016,10/2/2016,6,2,43.914122,-76.123662,"(43.914122, -76.123662)",,
Seneca Lake,Seneca,8,2016,HT,9/2/2016,10/13/2016,6,2,42.4424019,-76.884697,"(42.4424019, -76.884697)",,
Lake Ontario,Monroe,8,2016,S,8/19/2016,9/29/2016,6,2,43.914122,-76.123662,"(43.914122, -76.123662)",,
Brooks Lake,Richmond,2,2016,C,9/2/2016,10/13/2016,6,1,40.6244011,-74.1203003,"(40.6244011, -74.1203003)",,
Robinson Pond,Columbia,5,2016,C,9/16/2016,10/27/2016,6,1,42.1180992,-73.5552979,"(42.1180992, -73.5552979)",,
Sodus Bay,Wayne,8,2016,C,8/19/2016,9/30/2016,6,4,43.2482986,-76.9585037,"(43.2482986, -76.9585037)",,
Round Lake,Saratoga,5,2016,C,8/28/2016,10/7/2016,6,2,42.9339981,-73.7828979,"(42.9339981, -73.7828979)",,
Cayuta Lake,Schuyler,8,2016,C,8/19/2016,9/29/2016,6,5,42.3670006,-76.7352982,"(42.3670006, -76.7352982)",,
Lake Ontario,Cayuga,5,2016,S,8/19/2016,10/2/2016,6,2,43.914122,-76.123662,"(43.914122, -76.123662)",,
Port Bay,Wayne,8,2016,C,9/16/2016,10/28/2016,6,2,43.2975998,-76.8320999,"(43.2975998, -76.8320999)",,
Arctic Lake,Broome,7,2016,S,8/26/2016,10/7/2016,6,3,42.1792984,-75.4252014,"(42.1792984, -75.4252014)",,
Kyser Lake,Herkimer,5,2015,S,9/18/2015,10/27/2015,6,1,43.0681992,-74.7705002,"(43.0681992, -74.7705002)",,
Putnam Lake,Putnam,3,2015,C,9/11/2015,10/20/2015,6,2,41.4664001,-73.5395966,"(41.4664001, -73.5395966)",,
Seneca Lake,Schuyler,8,2015,HT,8/21/2015,10/2/2015,6,4,42.4424019,-76.884697,"(42.4424019, -76.884697)",,
Little Pond,Delaware,4,2015,S,9/18/2015,10/27/2015,6,3,42.0397987,-74.7472,"(42.0397987, -74.7472)",,
Beaver Dam Lake,Orange,3,2015,S,9/11/2015,10/20/2015,6,5,41.4420013,-74.1158981,"(41.4420013, -74.1158981)",,
Turtle Pond,New York,2,2015,HT,9/17/2015,10/30/2015,6,6,40.7793007,-73.9673996,"(40.7793007, -73.9673996)",,
Snyders Lake,Rensselaer,5,2015,C,9/18/2015,10/27/2015,6,5,42.6631012,-73.634697,"(42.6631012, -73.634697)",,
Black Lake,St Lawrence,6,2015,C,8/21/2015,10/2/2015,6,2,44.5379982,-75.5688019,"(44.5379982, -75.5688019)",,
Bowne Pond,Queens,2,2015,C,9/1/2015,10/13/2015,6,1,40.770707,-73.808255,"(40.770707, -73.808255)",,
Dutch Hollow Brook,Cayuga,7,2015,S,9/18/2015,10/27/2015,6,1,42.861907,-76.511026,"(42.861907, -76.511026)",,
Sagaponack Lake,Suffolk,1,2015,C,8/21/2015,10/2/2015,6,5,40.9104004,-72.2910995,"(40.9104004, -72.2910995)",,
Seneca Lake,Ontario,8,2015,HT,8/21/2015,10/2/2015,6,4,42.4424019,-76.884697,"(42.4424019, -76.884697)",,
Duane Lake,Schenectady,4,2015,S,9/10/2015,10/20/2015,6,3,42.7490997,-74.1126022,"(42.7490997, -74.1126022)",,
Owasco Lake,Cayuga,7,2014,HT,8/22/2014,10/2/2014,6,6,42.8737984,-76.5281982,"(42.8737984, -76.5281982)",,
Silver Lake,Wyoming,8,2014,C,8/22/2014,10/2/2014,6,2,42.69042,-78.02907,"(42.69042, -78.02907)",,
Harlem Meer,New York,2,2014,HT,9/17/2014,10/27/2014,6,3,40.7961006,-73.9512024,"(40.7961006, -73.9512024)",,
Laurel Lake,Broome,7,2014,HT,8/17/2014,9/29/2014,6,1,42.0103989,-75.4803009,"(42.0103989, -75.4803009)",,
Ballston Lake,Saratoga,5,2013,C,7/7/2013,8/18/2013,6,4,42.9388008,-73.8578033,"(42.9388008, -73.8578033)",,
Brown's Pond,Orange,3,2013,C,9/11/2013,10/20/2013,6,3,41.4740982,-74.0867996,"(41.4740982, -74.0867996)",,
Beaver Dam Lake,Orange,3,2013,HT,9/25/2013,11/8/2013,6,6,41.4420013,-74.1158981,"(41.4420013, -74.1158981)",,
Georgica Pond,Suffolk,1,2012,S,9/8/2012,10/20/2012,6,1,40.9390984,-72.2291031,"(40.9390984, -72.2291031)",,
Black Lake,St Lawrence,6,2012,HT,7/17/2012,8/28/2012,6,3,44.5379982,-75.5688019,"(44.5379982, -75.5688019)",,
Skaneateles Lake,Cayuga,7,2018,HT,8/10/2018,9/14/2018,5,4,42.8451004,-76.3503036,"(42.8451004, -76.3503036)",,
Waneta Lake,Steuben,8,2018,S,9/14/2018,10/19/2018,5,2,42.444741,-77.100706,"(42.444741, -77.100706)",,
Waneta Lake,Schuyler,8,2018,S,9/14/2018,10/19/2018,5,2,42.444741,-77.100706,"(42.444741, -77.100706)",,
Gilbert Lake,Otsego,4,2018,S,9/14/2018,10/20/2018,5,1,42.5800018,-75.1283035,"(42.5800018, -75.1283035)",,
Moreau Lake,Saratoga,5,2018,S,8/10/2018,9/14/2018,5,2,43.36144,-73.68388,"(43.36144, -73.68388)",,
Lake Oscaleta,Westchester,3,2018,C,9/21/2018,10/27/2018,5,2,41.2965012,-73.5614014,"(41.2965012, -73.5614014)",,
Lake Ontario,Monroe,7,2018,S,9/21/2018,10/27/2018,5,1,43.914122,-76.123662,"(43.914122, -76.123662)",,
Lake Champlain,Essex,5,2018,S,9/7/2018,10/12/2018,5,3,44.5694008,-73.1817017,"(44.5694008, -73.1817017)",,
Lamoka Lake Channel,Schuyler,8,2018,S,9/21/2018,10/27/2018,5,1,42.418768,-77.089605,"(42.418768, -77.089605)",,
North Sandy Pond,Jefferson,6,2018,C,8/24/2018,9/29/2018,5,2,43.64303,-76.1851399,"(43.64303, -76.1851399)",,
Lake Ronkonkoma,Suffolk,1,2018,HT,5/25/2018,6/30/2018,5,5,40.821991,-73.11927,"(40.821991, -73.11927)",,
Tully Lake,Cortland,7,2018,C,8/24/2018,9/29/2018,5,1,42.7764015,-76.1352005,"(42.7764015, -76.1352005)",,
Lake Champlain,Washington,5,2018,S,9/14/2018,10/19/2018,5,3,44.5694008,-73.1817017,"(44.5694008, -73.1817017)",,
Fresh Pond (Shelter Island),Suffolk,1,2018,C,7/13/2018,8/17/2018,5,3,41.057541,-72.335788,"(41.057541, -72.335788)",,
South Merrits Pond,Suffolk,1,2018,C,8/31/2018,10/2/2018,5,1,40.61927,-73.95696,"(40.61927, -73.95696)",,
Willowbrook Pond,Richmond,2,2018,HT,8/31/2018,10/5/2018,5,2,40.6055984,-74.1578979,"(40.6055984, -74.1578979)",,
Skaneateles Lake,Cayuga,7,2017,HT,9/8/2017,10/13/2017,5,4,42.8451004,-76.3503036,"(42.8451004, -76.3503036)",,
Saratoga Lake,Saratoga,5,2017,HT,7/21/2017,8/25/2017,5,4,43.0167007,-73.7415009,"(43.0167007, -73.7415009)",,
Stony Brook Duck Pond,Suffolk,1,2017,C,9/15/2017,10/20/2017,5,2,40.9141998,-73.1470032,"(40.9141998, -73.1470032)",,
Seneca Lake,Schuyler,8,2017,HT,9/15/2017,10/20/2017,5,3,42.4424019,-76.884697,"(42.4424019, -76.884697)",,
New Croton Reservoir,Westchester,3,2017,S,9/22/2017,10/27/2017,5,1,41.2388,-73.8219986,"(41.2388, -73.8219986)",,
Moon Lake,Jefferson,6,2017,S,8/25/2017,9/29/2017,5,1,44.2542992,-75.732399,"(44.2542992, -75.732399)",,
Skaneateles Lake,Onondaga,7,2017,HT,9/8/2017,10/13/2017,5,4,42.8451004,-76.3503036,"(42.8451004, -76.3503036)",,
Seneca Lake,Ontario,8,2017,HT,9/15/2017,10/20/2017,5,3,42.4424019,-76.884697,"(42.4424019, -76.884697)",,
Seneca Lake,Seneca,8,2017,HT,9/15/2017,10/20/2017,5,3,42.4424019,-76.884697,"(42.4424019, -76.884697)",,
Washington Park Pond,Albany,4,2017,HT,9/22/2017,10/27/2017,5,3,42.6571007,-73.7733002,"(42.6571007, -73.7733002)",,
Laurel Lake,Broome,7,2016,C,7/8/2016,8/12/2016,5,2,42.0103989,-75.4803009,"(42.0103989, -75.4803009)",,
Lake Ontario,Niagara,9,2016,S,8/12/2016,9/16/2016,5,2,43.914122,-76.123662,"(43.914122, -76.123662)",,
Dryden Lake,Tompkins,7,2016,HT,8/26/2016,9/29/2016,5,2,42.4620018,-76.2725983,"(42.4620018, -76.2725983)",,
Durand Lake,Monroe,8,2016,HT,9/9/2016,10/13/2016,5,4,43.2332993,-77.5576019,"(43.2332993, -77.5576019)",,
Basic Creek Reservoir,Albany,4,2016,C,9/23/2016,10/27/2016,5,1,42.4812012,-74.0139008,"(42.4812012, -74.0139008)",,
New Croton Reservoir,Westchester,3,2016,S,8/26/2016,10/2/2016,5,1,41.2388,-73.8219986,"(41.2388, -73.8219986)",,
Blydenburg Lake,Suffolk,1,2016,C,9/16/2016,10/20/2016,5,1,40.8268013,-73.2197037,"(40.8268013, -73.2197037)",,
Big Reed Pond,Suffolk,1,2016,C,8/26/2016,9/30/2016,5,2,41.0780983,-71.9101028,"(41.0780983, -71.9101028)",,
Tully Lake,Cortland,7,2016,C,9/17/2016,10/21/2016,5,2,42.7764015,-76.1352005,"(42.7764015, -76.1352005)",,
Lake Carmel,Putnam,3,2016,C,8/12/2016,9/16/2016,5,1,41.4584999,-73.6650009,"(41.4584999, -73.6650009)",,
Eagle Pond,Franklin,5,2016,C,7/15/2016,8/19/2016,5,2,44.6689987,-74.2738037,"(44.6689987, -74.2738037)",,
Lake Ontario,Orleans,8,2016,S,8/12/2016,9/16/2016,5,2,43.914122,-76.123662,"(43.914122, -76.123662)",,
Alcove Reservoir,Albany,4,2016,C,9/23/2016,10/28/2016,5,2,42.4768982,-73.9375992,"(42.4768982, -73.9375992)",,
Silver Lake,Wyoming,8,2015,HT,7/24/2015,8/28/2015,5,5,42.69042,-78.02907,"(42.69042, -78.02907)",,
Raritan Bay Park Pond,Richmond,2,2015,S,9/14/2015,10/20/2015,5,1,40.498819,-74.246519,"(40.498819, -74.246519)",,
Peach Lake,Westchester,3,2015,C,8/28/2015,9/29/2015,5,2,41.362999,-73.5800018,"(41.362999, -73.5800018)",,
North Sandy Pond,Oswego,7,2015,C,9/25/2015,10/27/2015,5,1,43.64303,-76.1851399,"(43.64303, -76.1851399)",,
Silver Lake,St. Lawrence,8,2015,HT,9/25/2015,10/27/2015,5,1,42.69042,-78.02907,"(42.69042, -78.02907)",,
Boyd Lake,Jefferson,6,2015,HT,9/18/2015,10/20/2015,5,3,44.3093987,-75.7397003,"(44.3093987, -75.7397003)",,
Lake Placid,Essex,5,2015,HT,7/3/2015,8/7/2015,5,4,44.3251991,-73.959198,"(44.3251991, -73.959198)",,
Iroquois Lake,Schenectady,4,2015,S,8/24/2015,9/29/2015,5,1,42.801067,-73.911808,"(42.801067, -73.911808)",,
Payne Lake,Jefferson,6,2015,S,8/28/2015,10/2/2015,5,1,44.2834015,-75.6455994,"(44.2834015, -75.6455994)",,
Basic Creek Reservoir,Albany,4,2014,HT,8/25/2014,10/2/2014,5,2,42.4812012,-74.0139008,"(42.4812012, -74.0139008)",,
Cazenovia Lake,Madison,7,2014,C,8/27/2014,10/2/2014,5,3,42.9482002,-75.8720016,"(42.9482002, -75.8720016)",,
Lawson Lake,Albany,4,2014,HT,8/26/2014,10/2/2014,5,2,42.5391006,-73.9598999,"(42.5391006, -73.9598999)",,
Grass Lake,Jefferson,6,2013,C,9/10/2013,10/13/2013,5,4,44.3400002,-75.7152023,"(44.3400002, -75.7152023)",,
Oneida Lake,Madison,7,2013,C,8/11/2013,9/15/2013,5,3,43.2033005,-75.9100037,"(43.2033005, -75.9100037)",,
Lamoka Lake,Schuyler,8,2013,S,9/17/2013,10/20/2013,5,1,42.4057999,-77.0777969,"(42.4057999, -77.0777969)",,
Prospect Park Lake,Kings,2,2013,S,8/27/2013,10/2/2013,5,1,40.6548996,-73.969902,"(40.6548996, -73.969902)",,
Cazenovia Lake,Madison,7,2012,HT,9/12/2012,10/20/2012,5,3,42.9482002,-75.8720016,"(42.9482002, -75.8720016)",,
Sodus Bay,Wayne,8,2012,S,9/7/2012,10/13/2012,5,2,43.2482986,-76.9585037,"(43.2482986, -76.9585037)",,
Montgomery Lake,Sullivan,3,2012,C,8/27/2012,9/29/2012,5,4,41.5252991,-74.9172974,"(41.5252991, -74.9172974)",,
Silver Lake,St Lawrence,6,2012,C,9/16/2012,10/20/2012,5,1,44.2268982,-74.8265991,"(44.2268982, -74.8265991)",,
Goodhue Lake,Steuben,8,2012,S,8/25/2012,10/1/2012,5,2,42.1823997,-77.2708969,"(42.1823997, -77.2708969)",,
Lake Ontario (Sackett),Jefferson,6,2018,S,9/21/2018,10/20/2018,4,1,43.914122,-76.123662,"(43.914122, -76.123662)",,
Franklin Falls Pond,Essex,5,2018,S,9/28/2018,10/27/2018,4,1,44.47488,-74.500328,"(44.47488, -74.500328)",,
Bradley Brook Reservoir,Madison,7,2018,C,9/21/2018,10/20/2018,4,1,42.8339996,-75.6622009,"(42.8339996, -75.6622009)",,
Lake Oniad,Dutchess,3,2018,S,9/21/2018,10/20/2018,4,1,41.58874,-73.87979,"(41.58874, -73.87979)",,
Peach Lake,Putnam,3,2018,C,9/7/2018,10/2/2018,4,2,41.362999,-73.5800018,"(41.362999, -73.5800018)",,
Hatch Lake,Madison,7,2018,C,9/21/2018,10/20/2018,4,2,42.8345985,-75.677803,"(42.8345985, -75.677803)",,
Fort Pond,Suffolk,1,2018,C,9/21/2018,10/20/2018,4,4,41.0416985,-71.9532013,"(41.0416985, -71.9532013)",,
Upper Little York Lake,Cortland,7,2018,HT,8/24/2018,9/21/2018,4,3,40.69744,-73.97944,"(40.69744, -73.97944)",,
Seneca Lake,Yates,8,2017,HT,9/22/2017,10/20/2017,4,3,42.4424019,-76.884697,"(42.4424019, -76.884697)",,
Pleasure Lake,Sullivan,3,2017,C,9/22/2017,10/20/2017,4,2,41.6960983,-74.6279984,"(41.6960983, -74.6279984)",,
Lake Ronkonkoma,Suffolk,1,2017,HT,7/21/2017,8/18/2017,4,4,40.821991,-73.11927,"(40.821991, -73.11927)",,
Eagle Pond,Franklin,5,2017,C,6/2/2017,6/30/2017,4,4,44.6689987,-74.2738037,"(44.6689987, -74.2738037)",,
Canandaigua Lake,Ontario,8,2017,HT,9/7/2017,10/6/2017,4,4,42.7779999,-77.3050995,"(42.7779999, -77.3050995)",,
Chodikee Lake,Ulster,3,2016,S,9/23/2016,10/20/2016,4,1,41.7727013,-73.9838028,"(41.7727013, -73.9838028)",,
Andover Pond,Allegany,9,2016,C,6/24/2016,7/22/2016,4,1,42.1655998,-77.793602,"(42.1655998, -77.793602)",,
Seneca Lake,Ontario,8,2016,HT,9/2/2016,10/2/2016,4,2,42.4424019,-76.884697,"(42.4424019, -76.884697)",,
Rondout Creek,Ulster,3,2016,C,9/2/2016,10/2/2016,4,4,41.885055,-74.029968,"(41.885055, -74.029968)",,
Tully Lake,Cortland,7,2016,C,9/23/2016,10/20/2016,4,2,42.7764015,-76.1352005,"(42.7764015, -76.1352005)",,
Delaware Park Lake,Erie,9,2016,C,9/23/2016,10/21/2016,4,2,42.9329987,-78.8703003,"(42.9329987, -78.8703003)",,
Peach Lake,Putnam,3,2016,C,7/1/2016,7/29/2016,4,3,41.362999,-73.5800018,"(41.362999, -73.5800018)",,
Cannonsville Reservoir,Delaware,4,2016,C,9/2/2016,9/29/2016,4,1,42.1063004,-75.2809982,"(42.1063004, -75.2809982)",,
Stony Brook Duck Pond,Suffolk,1,2016,C,7/15/2016,8/12/2016,4,2,40.9141998,-73.1470032,"(40.9141998, -73.1470032)",,
Lake Waccabuc,Westchester,3,2016,HT,7/1/2016,7/29/2016,4,3,41.297699,-73.5840988,"(41.297699, -73.5840988)",,
Goose Pond,Queens,2,2016,HT,9/23/2016,10/20/2016,4,3,40.7118988,-73.7986984,"(40.7118988, -73.7986984)",,
Smith Pond,Steuben,8,2016,C,7/8/2016,8/5/2016,4,2,42.3888016,-77.4744034,"(42.3888016, -77.4744034)",,
Peach Lake,Westchester,3,2016,C,7/1/2016,7/29/2016,4,3,41.362999,-73.5800018,"(41.362999, -73.5800018)",,
Lounsbury Pond,Westchester,3,2016,S,10/7/2016,11/4/2016,4,2,41.270401,-73.9229965,"(41.270401, -73.9229965)",,
Tully Lake,Cortland,7,2016,C,9/23/2016,10/20/2016,4,2,42.7764015,-76.1352005,"(42.7764015, -76.1352005)",,
Barger Pond,Putnam,3,2016,S,8/12/2016,9/9/2016,4,1,41.3595009,-73.8126984,"(41.3595009, -73.8126984)",,
Laurel Lake,Broome,7,2015,C,8/28/2015,9/25/2015,4,4,42.0103989,-75.4803009,"(42.0103989, -75.4803009)",,
Lake Carmel,Putnam,3,2015,S,7/18/2015,8/14/2015,4,2,41.4584999,-73.6650009,"(41.4584999, -73.6650009)",,
Wallkill River,Ulster,3,2015,S,8/28/2015,9/24/2015,4,3,41.743866,-74.093447,"(41.743866, -74.093447)",,
Montgomery Lake,Sullivan,3,2014,C,9/21/2014,10/20/2014,4,1,41.5252991,-74.9172974,"(41.5252991, -74.9172974)",,
Lake Lacoma,Monroe,8,2014,S,9/28/2014,10/26/2014,4,1,43.0508995,-77.4794006,"(43.0508995, -77.4794006)",,
Barnum Pond,Franklin,5,2014,S,9/28/2014,10/26/2014,4,1,44.4599991,-74.2594986,"(44.4599991, -74.2594986)",,
Lake Katonah,Westchester,3,2014,C,9/2/2014,9/29/2014,4,2,41.2853012,-73.6549988,"(41.2853012, -73.6549988)",,
Lake Huntington,Sullivan,3,2014,C,9/3/2014,10/3/2014,4,2,41.6828995,-74.9904022,"(41.6828995, -74.9904022)",,
Washington Park Pond,Albany,4,2013,C,10/10/2013,11/7/2013,4,4,42.6571007,-73.7733002,"(42.6571007, -73.7733002)",,
Black Lake,St Lawrence,6,2013,HT,7/11/2013,8/7/2013,4,3,44.5379982,-75.5688019,"(44.5379982, -75.5688019)",,
Tarrytown Reservoir,Westchester,3,2013,S,9/21/2013,10/17/2013,4,2,41.0824013,-73.8420029,"(41.0824013, -73.8420029)",,
Lake Como,Cayuga,7,2013,C,7/15/2013,8/14/2013,4,4,42.6772003,-76.3024979,"(42.6772003, -76.3024979)",,
Kirk Lake,Putnam,3,2013,C,8/12/2013,9/9/2013,4,2,41.385601,-73.7498016,"(41.385601, -73.7498016)",,
Black Lake,St Lawrence,6,2013,HT,7/11/2013,8/8/2013,4,4,44.5379982,-75.5688019,"(44.5379982, -75.5688019)",,
Tarrytown Reservoir,Westchester,3,2013,S,9/17/2013,10/17/2013,4,2,41.0824013,-73.8420029,"(41.0824013, -73.8420029)",,
Roaring Brook Lake,Putnam,3,2012,C,6/22/2012,7/20/2012,4,2,41.4388008,-73.8075027,"(41.4388008, -73.8075027)",,
Silver Lake,Wyoming,8,2018,S,8/31/2018,9/21/2018,3,1,42.69042,-78.02907,"(42.69042, -78.02907)",,
Golden Pond,Queens,2,2018,C,7/27/2018,8/17/2018,3,1,40.7710991,-73.7649002,"(40.7710991, -73.7649002)",,
Lake Ontario,Jefferson,6,2018,S,9/14/2018,10/5/2018,3,1,43.914122,-76.123662,"(43.914122, -76.123662)",,
Dead Lake,Washington,5,2018,S,9/14/2018,10/2/2018,3,2,42.8106995,-75.8886032,"(42.8106995, -75.8886032)",,
Cortlandt Lake,Westchester,3,2018,S,6/7/2018,6/30/2018,3,1,42.144001,-73.5954971,"(42.144001, -73.5954971)",,
Pine Valley Campground Lake,Broome,7,2018,S,8/31/2018,9/21/2018,3,1,43.20679,-75.47633,"(43.20679, -75.47633)",,
Summit Lake,Washington,5,2018,C,9/14/2018,10/5/2018,3,2,43.2102013,-73.4632034,"(43.2102013, -73.4632034)",,
Marcy Street Pond,Onondaga,7,2018,C,8/31/2018,9/21/2018,3,1,43.06608,-76.08091,"(43.06608, -76.08091)",,
Lake Ontario,Oswego,7,2018,S,9/8/2018,9/28/2018,3,1,43.914122,-76.123662,"(43.914122, -76.123662)",,
Lebanon Reservoir,Madison,7,2018,S,9/21/2018,10/12/2018,3,1,42.80634,-75.61002,"(42.80634, -75.61002)",,
Brooks Lake,Orange,3,2018,S,8/24/2018,9/14/2018,3,1,40.6244011,-74.1203003,"(40.6244011, -74.1203003)",,
Lake Ontario,Cayuga,7,2018,S,9/21/2018,10/13/2018,3,1,43.914122,-76.123662,"(43.914122, -76.123662)",,
Dryden Lake,Tompkins,7,2018,S,9/14/2018,10/2/2018,3,1,42.4620018,-76.2725983,"(42.4620018, -76.2725983)",,
Kings Point Pond,Nassau,1,2018,C,9/14/2018,10/5/2018,3,1,40.83061,-73.75195,"(40.83061, -73.75195)",,
Wickapogue Pond,Suffolk,1,2018,C,8/31/2018,9/21/2018,3,2,40.8805008,-72.3676987,"(40.8805008, -72.3676987)",,
Barger Pond,Putnam,3,2017,S,10/6/2017,10/27/2017,3,2,41.3595009,-73.8126984,"(41.3595009, -73.8126984)",,
Lime Lake,Cattaraugus,9,2017,HT,9/16/2017,10/6/2017,3,2,42.4273987,-78.4792023,"(42.4273987, -78.4792023)",,
Jamesville Reservoir,Onondaga,7,2017,C,8/11/2017,9/1/2017,3,1,42.973999,-76.0690994,"(42.973999, -76.0690994)",,
Thunder Lake,Chenango,7,2017,S,9/15/2017,10/6/2017,3,1,42.269001,-75.7279968,"(42.269001, -75.7279968)",,
Sayre Pond,Suffolk,1,2017,C,9/22/2017,10/13/2017,3,1,40.8847008,-72.3529968,"(40.8847008, -72.3529968)",,
Kellis Pond,Suffolk,1,2017,C,10/6/2017,10/27/2017,3,3,40.9272003,-72.3174973,"(40.9272003, -72.3174973)",,
Tomhannock Reservoir,Rensselaer,5,2017,S,10/6/2017,10/27/2017,3,1,42.857399,-73.5681992,"(42.857399, -73.5681992)",,
Eighth Lake,Hamilton,5,2017,C,8/25/2017,9/15/2017,3,1,43.7789993,-74.7024002,"(43.7789993, -74.7024002)",,
Poxabogue Pond,Suffolk,1,2017,C,9/22/2017,10/13/2017,3,1,40.9446983,-72.2854004,"(40.9446983, -72.2854004)",,
Seventh Lake,Hamilton,5,2017,C,9/1/2017,9/21/2017,3,1,43.7443,-74.73191,"(43.7443, -74.73191)",,
Allison Pond,Richmond,2,2017,C,6/25/2017,7/14/2017,3,2,40.638178,-74.102585,"(40.638178, -74.102585)",,
Waneta Lake,Steuben,8,2017,S,9/22/2017,10/13/2017,3,1,42.444741,-77.100706,"(42.444741, -77.100706)",,
Waneta Lake,Steuben,8,2017,S,9/22/2017,10/13/2017,3,1,42.444741,-77.100706,"(42.444741, -77.100706)",,
Lawson Lake,Albany,4,2016,C,9/23/2016,10/13/2016,3,3,42.5391006,-73.9598999,"(42.5391006, -73.9598999)",,
Central Bridge Upper Reservoir,Schoharie,4,2016,HT,9/23/2016,10/14/2016,3,2,42.7155991,-74.365799,"(42.7155991, -74.365799)",,
Lake Ronkonkoma,Suffolk,1,2016,HT,6/17/2016,7/8/2016,3,3,40.821991,-73.11927,"(40.821991, -73.11927)",,
Brooks Lake,Orange,3,2016,C,9/2/2016,9/24/2016,3,1,41.3302994,-73.9946976,"(41.3302994, -73.9946976)",,
Pleasant Lake,Oswego,7,2016,C,9/30/2016,10/20/2016,3,1,43.2354012,-76.222702,"(43.2354012, -76.222702)",,
Sheldrake Lake,Westchester,3,2016,S,10/7/2016,10/28/2016,3,1,40.9524002,-73.774498,"(40.9524002, -73.774498)",,
Wolfes Pond SW,Richmond,2,2016,HT,9/2/2016,9/23/2016,3,1,40.5157013,-74.1922989,"(40.5157013, -74.1922989)",,
Willowbrook Pond,Richmond,2,2016,C,9/2/2016,9/23/2016,3,1,40.6055984,-74.1578979,"(40.6055984, -74.1578979)",,
Mariaville Lake,Schenectady,4,2016,HT,9/30/2016,10/20/2016,3,2,42.8336983,-74.1119003,"(42.8336983, -74.1119003)",,
Barnum Pond,Franklin,5,2016,C,9/9/2016,9/30/2016,3,1,44.4599991,-74.2594986,"(44.4599991, -74.2594986)",,
Kissena Lake,Queens,2,2015,HT,7/31/2015,8/21/2015,3,3,40.7481003,-73.8054962,"(40.7481003, -73.8054962)",,
Silver Lake,St Lawrence,6,2015,C,9/25/2015,10/13/2015,3,1,44.2268982,-74.8265991,"(44.2268982, -74.8265991)",,
Hook Pond,Suffolk,1,2015,C,9/11/2015,9/29/2015,3,1,40.9478989,-72.1900024,"(40.9478989, -72.1900024)",,
Martlings Lake,Richmond,2,2015,HT,8/28/2015,9/18/2015,3,2,40.6222,-74.1167984,"(40.6222, -74.1167984)",,
North Sandy Pond,Jefferson,6,2015,C,9/25/2015,10/13/2015,3,1,43.64303,-76.1851399,"(43.64303, -76.1851399)",,
Cuba Lake,Allegany,9,2015,C,9/1/2015,9/25/2015,3,1,42.2533989,-78.2928009,"(42.2533989, -78.2928009)",,
Saratoga Lake,Saratoga,5,2015,HT,7/24/2015,8/14/2015,3,2,43.0167007,-73.7415009,"(43.0167007, -73.7415009)",,
Barger Pond,Putnam,3,2015,S,7/31/2015,8/21/2015,3,3,41.3595009,-73.8126984,"(41.3595009, -73.8126984)",,
Valatie Kill,Rensselaer,5,2014,S,9/1/2014,9/22/2014,3,2,42.521009,-73.60809,"(42.521009, -73.60809)",,
Nassau Lake,Rensselaer,5,2014,C,9/8/2014,9/29/2014,3,3,42.5381012,-73.6037979,"(42.5381012, -73.6037979)",,
Grass Lake,St Lawrence,6,2014,C,9/25/2014,10/16/2014,3,1,44.3400002,-75.7152023,"(44.3400002, -75.7152023)",,
Truesdale Lake,Westchester,3,2014,S,7/29/2014,8/19/2014,3,1,41.2817001,-73.5533981,"(41.2817001, -73.5533981)",,
Hatch Lake,Madison,7,2014,C,10/2/2014,10/20/2014,3,1,42.8345985,-75.677803,"(42.8345985, -75.677803)",,
Rockland Lake,Rockland,3,2013,S,9/19/2013,10/13/2013,3,2,41.1385994,-73.9227982,"(41.1385994, -73.9227982)",,
Melody Lake,Cortland,7,2013,C,9/20/2013,10/13/2013,3,3,42.4702988,-75.8740997,"(42.4702988, -75.8740997)",,
Saratoga Lake,Saratoga,5,2013,HT,9/14/2013,10/3/2013,3,2,43.0167007,-73.7415009,"(43.0167007, -73.7415009)",,
Lake Moraine,Madison,7,2013,HT,10/1/2013,10/20/2013,3,1,42.8502007,-75.5222015,"(42.8502007, -75.5222015)",,
Tomhannock Reservoir,Rensselaer,5,2013,S,10/5/2013,10/27/2013,3,2,42.857399,-73.5681992,"(42.857399, -73.5681992)",,
Cazenovia Lake,Madison,7,2013,C,8/13/2013,9/5/2013,3,3,42.9482002,-75.8720016,"(42.9482002, -75.8720016)",,
Lorton Lake,Oswego,7,2012,HT,8/24/2012,9/15/2012,3,2,43.503741,-75.89079,"(43.503741, -75.89079)",,
Snyders Lake,Rensselaer,5,2012,C,10/2/2012,10/20/2012,3,3,42.6631012,-73.634697,"(42.6631012, -73.634697)",,
Hatch Lake,Madison,7,2012,C,6/10/2012,6/30/2012,3,3,42.8345985,-75.677803,"(42.8345985, -75.677803)",,
Chestnut Ridge Pond,Sullivan,3,2018,S,10/12/2018,10/26/2018,2,1,41.08419,-74.06221,"(41.08419, -74.06221)",,
Butterfield Lake,Jefferson,6,2018,C,9/21/2018,10/2/2018,2,1,44.3165016,-75.7751999,"(44.3165016, -75.7751999)",,
Rensselaer Lake,Albany,4,2018,C,9/14/2018,9/29/2018,2,1,42.6375,-73.54076,"(42.6375, -73.54076)",,
Muscoot Reservoir,Westchester,3,2018,S,9/21/2018,10/2/2018,2,1,41.2703018,-73.7113037,"(41.2703018, -73.7113037)",,
Franklin Falls Pond,Franklin,5,2018,S,9/28/2018,10/13/2018,2,1,44.47488,-74.500328,"(44.47488, -74.500328)",,
Brooks Lake,Richmond,2,2018,C,9/14/2018,9/28/2018,2,1,40.6244011,-74.1203003,"(40.6244011, -74.1203003)",,
Lake Lucille,Rockland,3,2018,C,9/21/2018,10/5/2018,2,1,41.1837006,-73.9978027,"(41.1837006, -73.9978027)",,
Lake Rippowam,Westchester,3,2018,C,9/21/2018,10/2/2018,2,2,41.3000984,-73.5627975,"(41.3000984, -73.5627975)",,
Spring Lake,Suffolk,1,2018,C,9/14/2018,9/29/2018,2,1,40.8737984,-72.9587021,"(40.8737984, -72.9587021)",,
Troy Reservoir,Rensselaer,5,2018,C,9/14/2018,9/29/2018,2,1,42.8664,-73.55556,"(42.8664, -73.55556)",,
Winding Hills Park Lake,Orange,3,2018,C,9/14/2018,9/28/2018,2,1,41.5387993,-74.2752991,"(41.5387993, -74.2752991)",,
Artist Lake,Suffolk,1,2018,HT,8/31/2018,9/14/2018,2,1,40.88034,-72.93823,"(40.88034, -72.93823)",,
Tuxedo Lake,Orange,3,2018,C,8/17/2018,8/31/2018,2,1,41.2014999,-74.2058029,"(41.2014999, -74.2058029)",,
Bedford Lake,Westchester,3,2017,C,6/16/2017,6/30/2017,2,2,41.1948013,-73.7036972,"(41.1948013, -73.7036972)",,
Otisco Lake,Onondaga,7,2017,C,7/7/2017,7/21/2017,2,1,42.8591003,-76.2794037,"(42.8591003, -76.2794037)",,
Coopers Neck Pond,Suffolk,1,2017,C,9/29/2017,10/13/2017,2,1,40.8675995,-72.4021988,"(40.8675995, -72.4021988)",,
Cossayuna Lake,Washington,5,2017,S,10/13/2017,10/27/2017,2,1,43.2005997,-73.4234009,"(43.2005997, -73.4234009)",,
Lake Huntington,Sullivan,3,2017,S,9/29/2017,10/13/2017,2,2,41.6828995,-74.9904022,"(41.6828995, -74.9904022)",,
Butterfield Lake,Jefferson,6,2017,C,9/29/2017,10/13/2017,2,1,44.3165016,-75.7751999,"(44.3165016, -75.7751999)",,
Forest Lake,Niagara,9,2017,C,9/15/2017,9/29/2017,2,1,43.064198,-78.826684,"(43.064198, -78.826684)",,
Esopus Creek,Ulster,3,2017,S,9/22/2017,10/6/2017,2,1,41.995246,-73.997576,"(41.995246, -73.997576)",,
Palmer Lake,Putnam,3,2017,C,7/7/2017,7/21/2017,2,1,41.4387016,-73.6734009,"(41.4387016, -73.6734009)",,
Unnamed Pond Orchard Park,Erie,9,2017,S,9/22/2017,10/6/2017,2,1,42.7547,-78.7258,"(42.7547, -78.7258)",,
Unnamed Wallkill Pond,Ulster,3,2017,C,8/11/2017,8/25/2017,2,1,41.6502991,-74.2203979,"(41.6502991, -74.2203979)",,
Wickapogue Pond,Suffolk,1,2016,C,10/6/2016,10/23/2016,2,1,40.8805008,-72.3676987,"(40.8805008, -72.3676987)",,
Little We Wah Lake,Orange,3,2016,C,7/15/2016,7/29/2016,2,1,41.21171,-74.19939,"(41.21171, -74.19939)",,
Glenn Lake,Chenango,7,2016,S,10/14/2016,10/28/2016,2,1,42.480492,-75.492493,"(42.480492, -75.492493)",,
Norwich Reservoir East,Chenango,7,2016,S,10/14/2016,10/28/2016,2,1,42.5497017,-75.4869995,"(42.5497017, -75.4869995)",,
Allison Pond,Richmond,2,2016,C,9/2/2016,9/16/2016,2,1,40.638178,-74.102585,"(40.638178, -74.102585)",,
Unnamed Pond Fairport,Monroe,8,2016,C,8/19/2016,9/2/2016,2,1,43.119955,-77.405022,"(43.119955, -77.405022)",,
Unnamed Pond Cameron Mills,Steuben,8,2016,HT,8/19/2016,9/2/2016,2,1,42.19094,-77.358066,"(42.19094, -77.358066)",,
Allens Pond,Otsego,4,2016,C,7/1/2016,7/15/2016,2,2,42.5640984,-75.3058014,"(42.5640984, -75.3058014)",,
Kyser Lake,Fulton,5,2015,S,9/18/2015,10/2/2015,2,1,43.0681992,-74.7705002,"(43.0681992, -74.7705002)",,
Tillson Lake,Ulster,3,2015,S,9/18/2015,10/2/2015,2,1,41.672699,-74.2482986,"(41.672699, -74.2482986)",,
Cossayuna Lake,Washington,5,2015,C,9/18/2015,10/2/2015,2,1,43.2005997,-73.4234009,"(43.2005997, -73.4234009)",,
Chodikee Lake,Ulster,3,2015,S,6/26/2015,7/10/2015,2,2,41.7727013,-73.9838028,"(41.7727013, -73.9838028)",,
Lake Katonah,Westchester,3,2015,C,9/11/2015,9/25/2015,2,1,41.2853012,-73.6549988,"(41.2853012, -73.6549988)",,
Lamoka Lake Chanel,Schuyler,8,2013,S,9/17/2013,10/2/2013,2,1,42.418768,-77.089605,"(42.418768, -77.089605)",,
Burden Lake,Rensselaer,5,2013,C,9/29/2013,10/14/2013,2,2,42.5946999,-73.5614014,"(42.5946999, -73.5614014)",,
Rockland Lake,Rockland,3,2013,S,9/19/2013,10/4/2013,2,2,41.1385994,-73.9227982,"(41.1385994, -73.9227982)",,
Lake Ontario,Orleans,8,2018,S,9/21/2018,9/29/2018,1,1,43.914122,-76.123662,"(43.914122, -76.123662)",,
Otisco Lake,Onondaga,7,2018,C,9/14/2018,9/21/2018,1,1,42.8591003,-76.2794037,"(42.8591003, -76.2794037)",,
Quaker Lake,Cattaraugus,9,2018,S,8/17/2018,8/24/2018,1,1,42.0433006,-78.8677979,"(42.0433006, -78.8677979)",,
Basic Creek Reservoir,Albany,4,2018,S,10/12/2018,10/19/2018,1,1,42.4812012,-74.0139008,"(42.4812012, -74.0139008)",,
Quaker Lake,Dutchess,3,2018,S,6/8/2018,6/15/2018,1,1,42.0433006,-78.8677979,"(42.0433006, -78.8677979)",,
Martlings Lake,Richmond,2,2018,C,9/21/2018,9/29/2018,1,1,40.6222,-74.1167984,"(40.6222, -74.1167984)",,
Lake Ontario,Wayne,9,2018,S,8/17/2018,8/24/2018,1,1,43.914122,-76.123662,"(43.914122, -76.123662)",,
Vandercamp Lake,Oswego,7,2018,S,3/8/2018,3/15/2018,1,1,40.8328,-73.10937,"(40.8328, -73.10937)",,
Alcove Reservoir,Albany,4,2018,S,12/10/2018,12/17/2018,1,1,42.4768982,-73.9375992,"(42.4768982, -73.9375992)",,
Allegheny Reservoir,Cattaraugus,9,2018,S,10/12/2018,10/19/2018,1,1,42.05595,-78.89069,"(42.05595, -78.89069)",,
Wildwood Lake,Suffolk,1,2018,S,10/12/2018,10/19/2018,1,1,40.89548,-72.674984,"(40.89548, -72.674984)",,
Whitney Point Reservoir,Broome,7,2018,S,6/29/2018,7/6/2018,1,1,42.32912,-75.96575,"(42.32912, -75.96575)",,
Fresh Pond (Shelter Island),Suffolk,1,2017,S,7/14/2017,7/21/2017,1,1,41.057541,-72.335788,"(41.057541, -72.335788)",,
Duane Lake,Schenectady,4,2017,C,9/22/2017,10/2/2017,1,1,42.7490997,-74.1126022,"(42.7490997, -74.1126022)",,
Secor Lake,Putnam,3,2017,S,8/4/2017,8/11/2017,1,1,41.3765984,-73.7873001,"(41.3765984, -73.7873001)",,
Brown's Pond,Orange,3,2017,S,9/22/2017,10/2/2017,1,1,41.4740982,-74.0867996,"(41.4740982, -74.0867996)",,
Cannonsville Reservoir,Delaware,4,2017,S,10/20/2017,10/27/2017,1,1,42.1063004,-75.2809982,"(42.1063004, -75.2809982)",,
Wilcox Memorial Park Pond,Dutchess,3,2017,HT,8/18/2017,8/25/2017,1,1,41.95313,-73.7264511,"(41.95313, -73.72645113)",,
Silver Lake,Westchester,3,2017,S,10/21/2017,10/27/2017,1,1,41.0475006,-73.7468033,"(41.0475006, -73.7468033)",,
Lake Tiorati,Orange,3,2017,S,10/20/2017,10/27/2017,1,1,41.2616997,-74.0878983,"(41.2616997, -74.0878983)",,
China Pond,Putnam,3,2017,C,9/22/2017,9/29/2017,1,1,41.4418983,-73.7434998,"(41.4418983, -73.7434998)",,
Hyde Lake,Jefferson,6,2017,S,8/19/2017,8/25/2017,1,1,44.2435989,-75.8331985,"(44.2435989, -75.8331985)",,
Wyomoco Pond,Wyoming,8,2017,S,4/8/2017,4/15/2017,1,1,42.7661018,-78.2934036,"(42.7661018, -78.2934036)",,
Oneida Lake,Oneida,6,2016,S,7/29/2016,8/5/2016,1,1,43.2033005,-75.9100037,"(43.2033005, -75.9100037)",,
Lake Casse,Putnam,3,2016,S,8/12/2016,8/19/2016,1,1,41.3862991,-73.7099991,"(41.3862991, -73.7099991)",,
Iroquois Lake,Schenectady,4,2016,C,10/7/2016,10/14/2016,1,1,42.801067,-73.911808,"(42.801067, -73.911808)",,
Oneida Lake,Onondaga,7,2016,S,7/29/2016,8/5/2016,1,1,43.2033005,-75.9100037,"(43.2033005, -75.9100037)",,
Long Pond,Chenango,7,2016,S,9/23/2016,10/2/2016,1,1,42.42023,-75.84813,"(42.42023, -75.84813)",,
Unnamed Pond Algonquin Park,Orange,3,2016,S,10/14/2016,10/21/2016,1,1,41.5219002,-74.0615005,"(41.5219002, -74.0615005)",,
Warn Lake,Chenango,7,2016,C,8/12/2016,8/19/2016,1,1,42.3745995,-75.6464005,"(42.3745995, -75.6464005)",,
Warners Lake,Albany,4,2016,C,6/24/2016,7/1/2016,1,1,42.6250992,-74.0791016,"(42.6250992, -74.0791016)",,
Bedford Lake,Westchester,3,2015,C,9/18/2015,9/25/2015,1,1,41.1948013,-73.7036972,"(41.1948013, -73.7036972)",,
Owasco Lake,Cayuga,7,2015,HT,10/9/2015,10/13/2015,1,1,42.8737984,-76.5281982,"(42.8737984, -76.5281982)",,
Conesus Creek,Livingston,8,2015,S,7/31/2015,8/7/2015,1,1,42.834736,-77.704561,"(42.834736, -77.704561)",,
East Caroga Lake,Fulton,5,2015,C,10/30/2015,11/6/2015,1,1,43.1278,-74.4800034,"(43.1278, -74.4800034)",,
Sodus Bay,Wayne,8,2015,C,6/9/2015,6/16/2015,1,1,43.2482986,-76.9585037,"(43.2482986, -76.9585037)",,
Wolf Lake,Sullivan,3,2015,C,4/9/2015,4/16/2015,1,1,41.5866013,-74.5880966,"(41.5866013, -74.5880966)",,
Arctic Lake,Broome,7,2015,S,9/18/2015,9/25/2015,1,1,42.1792984,-75.4252014,"(42.1792984, -75.4252014)",,
Tuxedo Lake,Orange,3,2015,C,7/31/2015,8/7/2015,1,1,41.2014999,-74.2058029,"(41.2014999, -74.2058029)",,
Waneta Lake,Schuyler,8,2015,S,9/25/2015,10/2/2015,1,1,42.444741,-77.100706,"(42.444741, -77.100706)",,
Waneta Lake,Schuyler,8,2015,S,9/25/2015,10/2/2015,1,1,42.444741,-77.100706,"(42.444741, -77.100706)",,
Casey Park Pond,Wayne,8,2014,S,10/24/2014,10/31/2014,1,1,43.2352982,-77.2974014,"(43.2352982, -77.2974014)",,
Grass Lake,Jefferson,6,2014,C,9/25/2014,9/29/2014,1,1,44.3400002,-75.7152023,"(44.3400002, -75.7152023)",,
Little We Wah Lake,Orange,3,2014,C,6/20/2014,6/30/2014,1,1,41.21171,-74.19939,"(41.21171, -74.19939)",,
Ballston Lake,Saratoga,5,2014,C,7/18/2014,7/25/2014,1,1,42.9388008,-73.8578033,"(42.9388008, -73.8578033)",,
White Birch Lake,Broome,7,2014,C,7/28/2014,8/4/2014,1,1,42.0404015,-75.6368027,"(42.0404015, -75.6368027)",,
Truesdale Lake,Westchester,3,2013,C,7/20/2013,7/26/2013,1,1,41.2817001,-73.5533981,"(41.2817001, -73.5533981)",,
Ellis Pond,Dutchess,3,2013,S,8/20/2013,8/27/2013,1,1,41.6825981,-73.5470963,"(41.6825981, -73.5470963)",,
Wolf Lake,Sullivan,3,2013,C,8/22/2013,8/29/2013,1,1,41.5866013,-74.5880966,"(41.5866013, -74.5880966)",,
Copake Lake,Columbia,5,2012,S,9/27/2012,10/4/2012,1,1,42.144001,-73.5954971,"(42.144001, -73.5954971)",,
Lake Lucille,Rockland,3,2012,C,7/3/2012,7/10/2012,1,1,41.1837006,-73.9978027,"(41.1837006, -73.9978027)",,
Lake Moraine,Madison,7,2012,C,9/23/2012,9/30/2012,1,1,42.8502007,-75.5222015,"(42.8502007, -75.5222015)",,
Allegheny Reservoir,Cattaraugus,9,2012,S,8/29/2012,9/5/2012,1,1,42.05595,-78.89069,"(42.05595, -78.89069)",,
Alma Pond,Allegany,9,2012,S,8/29/2012,9/5/2012,1,1,42.0140991,-78.0014038,"(42.0140991, -78.0014038)",,
